company_name,label
berkshire hathaway,0
icbc,0
saudi arabian oil company (saudi aramco),0
jpmorgan chase,0
china construction bank,0
amazon,0
apple,0
agricultural bank of china,0
bank of america,0
toyota motor,0
alphabet,0
microsoft,0
bank of china,0
samsung group,0
exxonmobil,0
shell,0
ping an insurance group,0
wells fargo,0
verizon communications,0
at&t,0
petrochina,0
unitedhealth group,0
walmart,0
china merchants bank,0
volkswagen group,0
chevron,0
citigroup,0
tencent holdings,0
total,0
postal savings bank of china (psbc),0
china mobile,0
comcast,0
alibaba group,0
meta platforms,0
allianz,0
morgan stanley,0
goldman sachs group,0
hsbc holdings,0
bnp paribas,0
johnson & johnson,0
mercedes-benz group,0
cvs health,0
pfizer,0
softbank,0
sinopec,0
rbc,0
nestlé,0
axa group,0
gazprom,0
bp,0
intel,0
td bank group,0
nippon telegraph & tel,0
reliance industries,0
industrial bank,0
sony,0
santander,0
mitsubishi ufj financial,0
taiwan semiconductor,0
ford motor,0
lvmh moët hennessy louis vuitton,0
bank of communications,0
procter & gamble,0
bmw group,0
petrobras,0
deutsche telekom,0
abbvie,0
novartis,0
general motors,0
equinor,0
china life insurance,0
roche holding,0
aia group,0
metlife,0
bhp group,0
the home depot,0
american express,0
siemens,0
stellantis,0
zurich insurance group,0
rosneft,0
rio tinto,0
brookfield asset management,0
cigna,0
prudential financial,0
pepsico,0
merck & co.,0
elevance health,0
bank of nova scotia,0
american international group,0
glencore international,0
cisco systems,0
anheuser-busch inbev,0
walt disney,0
chubb,0
citic,0
lloyds banking group,0
ibm,0
sanofi,0
united parcel service,0
british american tobacco,0
ubs,0
honda motor,0
mitsubishi,0
china state construction engineering,0
state bank of india,0
commonwealth bank,0
shanghai pudong development,0
raytheon technologies,0
enel,0
eni,0
capital one,0
bristol myers squibb,0
coca-cola,0
oracle,0
sberbank,0
bank of montreal,0
vale,0
edf,0
thermo fisher scientific,0
credit agricole,0
airbus,0
costco wholesale,0
hon hai precision,0
unilever,0
charter communications,0
sumitomo mitsui financial,0
conocophillips,0
glaxosmithkline,0
intesa sanpaolo,0
manulife,0
us bancorp,0
basf,0
cnooc,0
abbott laboratories,0
iberdrola,0
china shenhua energy,0
itaú unibanco holding,0
caterpillar,0
mitsui,0
itochu,0
charles schwab,0
truist financial,0
enbridge,0
hitachi,0
kddi,0
hyundai motor,0
china citic bank,0
visa,0
target,0
bbva-banco bilbao vizcaya,0
tesla,0
deere & company,0
hdfc bank,0
barclays,0
munich re,0
japan post holdings,0
walgreens,0
danaher,0
generali group,0
møller-maersk,0
lowe's,0
fedex,0
deutsche post,0
pnc financial services,0
broadcom,0
lukoil,0
medtronic,0
sap,0
sk hynix,0
engie,0
lockheed martin,0
blackrock,0
westpac banking group,0
duke energy,0
dell technologies,0
vinci,0
tokio marine holdings,0
américa móvil,0
e.on,0
anglo american,0
banco bradesco,0
ing group,0
accenture,0
honeywell international,0
mizuho financial,0
linde,0
arcelormittal,0
canadian imperial bank,0
poly developments & holdings group,0
micron technology,0
anz,0
fubon financial,0
china telecom,0
hca healthcare,0
dow,0
telefónica,0
china vanke,0
nab - national australia bank,0
cathay financial,0
qualcomm,0
l'oréal,0
allstate,0
saic motor,0
icici bank,0
china everbright bank,0
gilead sciences,0
china pacific insurance,0
nvidia,0
amgen,0
union pacific,0
dai-ichi life insurance,0
nike,0
takeda pharmaceutical,0
philip morris international,0
paypal,0
china resources land,0
oversea-chinese banking,0
midea group,0
travelers,0
eli lilly,0
mondelez international,0
mcdonald's,0
general electric,0
société générale,0
schneider electric,0
3m,0
aflac,0
oil & natural gas,0
southern company,0
deutsche bank,0
ptt,0
ck hutchison,0
canadian natural resources,0
sun life financial,0
northrop grumman,0
archer daniels midland,0
marathon petroleum,0
china minsheng bank,0
legal & general group,0
netflix,0
progressive,0
longfor group holdings,0
dbs,0
cosco shipping,0
china communications construction,0
natwest group,0
exelon,0
humana,0
general dynamics,0
power corp of canada,0
qatar national bank,0
bayer,0
kkr,0
country garden holdings,0
nextera energy,0
kb financial group,0
china railway group,0
hp,0
nordea bank,0
seven & i holdings,0
suncor energy,0
salesforce.com,0
air liquide,0
denso,0
bank of new york mellon,0
mastercard,0
banco do brasil,0
centene,0
hdfc,0
freeport-mcmoran,0
"merck kgaa, darmstadt, germany and its affiliates",0
caixabank,0
abb,0
volvo group,0
occidental petroleum,0
national grid,0
mckesson,0
shinhan financial group,0
asml holding,0
nutrien,0
investor ab,0
kia,0
saint-gobain,0
novo nordisk,0
posco,0
diageo,0
royal ahold delhaize n.v.,0
picc,0
dominion energy,0
kroger,0
baoshan iron & steel,0
kweichow moutai,0
xiaomi,0
bank of ningbo,0
ecopetrol,0
lyondellbasell industries,0
contemporary amperex technology,0
unicredit,0
amerisourcebergen,0
essilorluxottica,0
inditex,0
starbucks,0
nucor,0
intercontinentalexchange,0
tjx cos,0
kbc group,0
tesco,0
boe technology group,0
blackstone,0
american electric,0
macquarie group,0
marubeni,0
swiss re,0
eog resources,0
cnp assurances,0
automatic data processing,0
phillips 66,0
tyson foods,0
repsol,0
sumitomo,0
holcim,0
altria group,0
applied materials,0
daimler truck holding,0
zijin mining group,0
the saudi national bank,0
richemont,0
kering,0
saudi electricity,0
danone,0
nippon steel,0
lg chem,0
discover financial services,0
couche tard,0
huaxia bank,0
nn group,0
fannie mae,0
fresenius,0
marsh & mclennan,0
ameriprise financial,0
becton dickinson,0
panasonic,0
ms&ad insurance,0
orix,0
citic securities,0
first abu dhabi bank,0
bce,0
schlumberger,0
texas instruments,0
bank rakyat indonesia (bri),0
standard chartered,0
crh,0
bank of beijing,0
paramount,0
bank of jiangsu,0
dupont de nemours,0
gree electric appliances,0
indian oil,0
dollar general,0
kraft heinz company,0
wilmar international,0
freddie mac,0
hewlett packard enterprise,0
japan tobacco,0
poste italiane,0
united overseas bank,0
china unicom,0
valero energy,0
csx,0
danske bank,0
fortescue metals group,0
china railway construction,0
moderna,0
woolworths,0
anhui conch cement,0
adobe,0
hartford financial services,0
state street,0
al rajhi bank,0
power construction corporation of china,0
shin-etsu chemical,0
fiserv,0
regeneron pharmaceuticals,0
eneos holdings,0
tata consultancy services,0
sompo,0
omv group,0
swiss life holding,0
bank of shanghai,0
american tower,0
pioneer natural resources,0
sun hung kai properties,0
wanhua chemical group,0
sampo,0
china merchants shekou industrial zone holdings,0
haier smart home,0
eaton,0
sk,0
johnson controls international,0
jbs,0
saudi telecom,0
jardine matheson,0
canadian national railway,0
stryker,0
nokia,0
mitsubishi electric,0
nissan motor,0
tata steel,0
heineken,0
bae systems,0
etisalat,0
bt group,0
ctbc financial,0
novatek,0
greenland holdings group,0
rwe group,0
daikin industries,0
aegon,0
baidu,0
ericsson,0
canon,0
lennar,0
bank of nanjing,0
philips,0
keurig dr pepper,0
china yangtze power,0
dnb bank,0
emerson electric,0
imperial brands,0
boeing,0
general mills,0
axis bank,0
national bank of canada,0
the estée lauder companies,0
cnh industrial,0
fairfax financial,0
adidas,0
michelin group,0
norfolk southern,0
principal financial group,0
sempra,0
fortum,0
grupo mexico,0
d.r. horton,0
l3harris technologies,0
naspers,0
standard bank group,0
tc energy,0
norilsk nickel,0
naturgy energy group,0
waste management,0
henkel,0
mediatek,0
recruit holdings,0
hengli petrochemical,0
xcel energy,0
corteva,0
synchrony financial,0
toyota tsusho,0
toyota industries,0
astrazeneca,0
sunac china holdings,0
china evergrande group,0
bridgestone,0
emirates nbd,0
daiwa house industry,0
jd.com,0
kinder morgan,0
china national building,0
fifth third bank,0
firstrand,0
carrefour,0
fujitsu,0
seb ab,0
surgutneftegas,0
new china life insurance,0
barrick gold,0
dsv panalpina,0
talanx,0
vodafone,0
nintendo,0
hana financial group,0
hyundai mobis,0
ntpc,0
maybank,0
cme group,0
taqa,0
pernod ricard,0
bank mandiri,0
femsa,0
paccar,0
consolidated edison,0
mitsui fudosan,0
evergreen marine corp. (taiwan),0
komatsu,0
shaanxi coal industry,0
lenovo group,0
fast retailing,0
london stock exchange,0
vonovia,0
aviva,0
sherwin-williams,0
fujifilm holdings,0
intuit,0
lam research,0
erste group bank,0
lincoln national,0
carrier global,0
dish network,0
china coal energy,0
continental,0
vtb bank,0
murata manufacturing,0
larsen & toubro,0
ally financial,0
netease,0
bank central asia,0
volvo car,0
intact financial,0
orsted,0
cummins,0
williams,0
capgemini,0
prologis,0
thales,0
bouygues,0
banorte,0
ck asset holdings,0
orange,0
kuehne & nagel international,0
bunge,0
samsung life insurance,0
vmware,0
albertsons,0
crrc,0
cbre group,0
toshiba,0
samsung c&t,0
infosys,0
prudential,0
yankuang energy group,0
canadian pacific railway,0
loews,0
tokyo electron,0
lg electronics,0
csl,0
magna international,0
analog devices,0
kubota,0
air products & chemicals,0
newmont mining,0
te connectivity,0
aon,0
telus,0
dollar tree,0
keycorp,0
wtw,0
china zheshang bank,0
wesfarmers,0
suzuki motor,0
best buy,0
svb financial group,0
advanced micro devices,0
markel,0
muyuan foodstuff,0
kimberly-clark,0
swedbank,0
cognizant,0
corning,0
infineon technologies,0
citizens financial group,0
devon energy,0
asahi group holdings,0
jsw steel,0
lumen technologies,0
regions financial,0
svenska handelsbanken,0
raymond james financial,0
byd,0
illinois tool works,0
pinduoduo,0
activision blizzard,0
liberty global,0
colgate-palmolive,0
sse,0
nan ya plastics,0
vivendi,0
baxter international,0
fosun international,0
weichai power,0
fidelity national financial,0
parker-hannifin,0
vedanta limited,0
woori financial group,0
sysco,0
telstra,0
credit suisse group,0
rogers communications,0
m&t bank,0
boston scientific,0
edison international,0
financiere de l'odet,0
sumitomo mitsui trust,0
entergy,0
swisscom,0
enbw-energie baden,0
hikvision,0
nippon yusen,0
stanley black & decker,0
oneok,0
marriott international,0
warner bros. discovery,0
s.f. holding,0
delta air lines,0
bharat petroleum,0
halliburton,0
metallurgical corp of china,0
northern trust,0
heidelbergcement,0
china steel,0
eversource energy,0
sany heavy industry,0
hermès international,0
international paper,0
koç holding,0
nidec,0
meituan,0
kotak mahindra bank,0
teck resources,0
southwest airlines,0
deutsche boerse,0
labcorp,0
china tower corp.,0
inpex,0
coca-cola european partners,0
wuliangye yibin,0
shimao property holdings,0
idemitsu kosan,0
formosa petrochemical,0
crown castle international,0
firstenergy,0
rongsheng petrochemical,0
hindalco industries,0
bank of hangzhou,0
renault,0
international holding company,0
cincinnati financial,0
mitsubishi estate,0
cleveland-cliffs,0
grupo acs,0
cgn power,0
ase technology holding,0
jfe holdings,0
dte energy,0
china hongqiao group,0
nxp semiconductors,0
western digital,0
booking holdings,0
aeon,0
first republic bank,0
lufax holding,0
atlas copco,0
fidelity national information (fis),0
mitsubishi chemical,0
edp-energias de portugal,0
kyocera,0
xiamen c&d,0
autozone,0
china taiping insurance,0
cenovus energy,0
neste,0
porsche automobil holding,0
h&m - hennes & mauritz,0
relx,0
pg&e,0
republic services,0
ross stores,0
wec energy group,0
cardinal health,0
carmax,0
china development financial,0
riyad bank,0
thomson reuters,0
transneft,0
ferguson,0
iqvia,0
hong kong exchanges,0
ppg,0
legend holding,0
ecolab,0
sinopharm group,0
luxshare precision industry,0
seazen group,0
global payments,0
china energy engineering,0
safran,0
s&p global,0
huntington bank,0
arch capital group,0
jackson financial,0
bank leumi,0
trane technologies,0
veolia environnement,0
o'reilly automotive,0
biogen,0
publicis groupe,0
hanwha,0
the mosaic company,0
bharti airtel,0
daqin railway,0
uber,0
stmicroelectronics,0
gemdale,0
ageas,0
quanta computer,0
george weston,0
weyerhaeuser,0
korea electric power,0
fox,0
mitsubishi heavy industries,0
steel dynamics,0
keyence,0
longi green energy technology,0
reckitt benckiser group,0
coal india,0
aisin seiki,0
digital realty trust,0
tata motors,0
resona holdings,0
simon property group,0
industrial bank of korea,0
clp holdings,0
national bank of kuwait,0
singtel,0
coinbase,0
centerpoint energy,0
saudi arabian mining,0
china cinda asset management,0
asahi kasei,0
nec,0
united airlines holdings,0
mgm resorts,0
dsm,0
telkom indonesia,0
pkn orlen,0
guotai junan securities,0
norsk hydro,0
formosa plastics,0
nrg energy,0
public bank,0
tcl,0
huatai securities,0
kellogg,0
inner mongolia yili,0
wpp,0
omnicom group,0
sekisui house,0
cheniere energy,0
sandvik,0
siam cement,0
east japan railway,0
abu dhabi commercial bank,0
huishang bank,0
great wall motor,0
haitong securities,0
dongfeng motor group,0
china reinsurance group,0
henderson land,0
samsung sdi,0
fortis (canada),0
sk telecom,0
hal trust,0
banco btg pactual,0
baker hughes company,0
gallagher,0
everest re group,0
amphenol,0
american airlines group,0
kla,0
astellas pharma,0
otsuka holding,0
china bohai bank,0
kasikornbank,0
bank hapoalim,0
woodside petroleum,0
mtr,0
tatneft,0
power finance,0
zoetis,0
lonza group,0
eiffage,0
sumitomo chemical,0
vertex pharmaceuticals,0
constellation energy,0
cifi holdings group,0
raiffeisen bank international,0
whirlpool,0
siemens energy,0
westrock,0
samsung fire & marine,0
us steel,0
upm-kymmene,0
formosa chemicals,0
sk innovation,0
telia,0
t&d holdings,0
mapfre,0
hcl technologies,0
sumitomo realty,0
westlake chemical,0
apollo global management,0
united rentals,0
diamondback energy,0
otis worldwide,0
chongqing rural bank,0
ball,0
stora enso,0
yang ming marine transport,0
phoenix group holdings,0
wipro,0
power grid of india,0
absa group,0
novolipetsk steel,0
sumitomo electric,0
st. james's place,0
grasim industries,0
segro,0
mega financial holding,0
zhongsheng group holdings,0
shin kong financial,0
cms energy,0
quinenco,0
evonik industries,0
east money information,0
qbe insurance group,0
tenaga nasional,0
naver,0
tdk,0
nomura,0
jinke property group,0
tokyo electric power,0
cdw,0
the hershey company,0
itc,0
pgnig group,0
mtn group,0
compass group,0
wr berkley,0
moody's,0
genuine parts,0
beijing-shanghai high-speed railway,0
aluminum corp of china,0
kansai electric power,0
public storage,0
china international travel service,0
sika,0
signature bank,0
t rowe price,0
international flavors & fragrances,0
atlantia,0
roper technologies,0
shanghai international port,0
daiichi sankyo,0
rakuten,0
franklin resources,0
bank of ireland,0
mitsui osk lines,0
saudi british bank,0
ameren,0
chunghwa telecom,0
assa abloy,0
zte,0
asr nederland,0
conagra brands,0
commerzbank,0
bajaj finserv,0
hyundai steel,0
lg display,0
kt,0
logan property holdings,0
public service enterprise group,0
en+ group international,0
isbank,0
expeditors international,0
ternium,0
cez group,0
isuzu motors,0
renesas electronics,0
universal music group,0
unipol gruppo,0
sbi holdings,0
techtronic industries,0
ferrovial,0
cimb group holdings,0
kone,0
e-mart,0
gf securities,0
china merchants securities,0
annaly capital management,0
coles group,0
central japan railway,0
sabanci holding,0
yuanta financial holding,0
antarchile,0
hmm,0
seagate technology,0
alleghany,0
guosen securities,0
avis budget group,0
jiangxi copper,0
mitsubishi ufj lease,0
sumitomo metal mining,0
asustek computer,0
associated british foods,0
china national nuclear power,0
china international capital,0
china molybdenum,0
equitable holdings,0
covestro,0
m&g,0
shopify,0
shanghai construction,0
essity,0
ww grainger,0
canara bank,0
viatris,0
american water works,0
united microelectronics,0
vf,0
intuitive surgical,0
snam,0
vestas wind systems,0
subaru,0
jiangsu zhongnan construction group,0
carlsberg,0
builders firstsource,0
semiconductor manufacturing international,0
pko bank polski,0
enn energy holdings,0
wh group,0
amcor,0
korea gas,0
jefferies financial,0
severstal,0
alexandria real estate equities,0
julius baer group,0
sanlam,0
emaar properties,0
joint stock commercial bank for foreign trade of vietnam,0
motorola solutions,0
shanghai rural commercial bank,0
braskem,0
bank of baroda,0
s-oil,0
tractor supply,0
suncorp group,0
mol hungarian oil,0
aptiv,0
voya financial,0
gs holdings,0
gerdau (cosigua),0
equity residential,0
qatar islamic bank,0
hormel foods,0
shenwan hongyuan group,0
reinsurance group of america,0
quest diagnostics,0
solvay,0
pembina pipeline,0
banque saudi fransi,0
smc,0
sasol,0
molson coors brewing,0
macy's,0
bancolombia,0
cintas,0
china international marine,0
huaneng power international,0
restaurant brands international,0
grupa pzu,0
kao,0
agile group holdings,0
arrow electronics,0
shenzhen overseas,0
tenet healthcare,0
grupo aval,0
cp all,0
geely automobile holdings,0
centrica,0
dubai islamic bank,0
suzano papel e celulose,0
link reit,0
yum! brands,0
first quantum minerals,0
aercap holdings,0
first horizon,0
dentsu,0
molina healthcare,0
union bank of india,0
toray industries,0
block,0
eletrobrás,0
china mengniu dairy,0
db insurance,0
e.sun financial,0
otp bank,0
sm investments,0
ebay,0
edwards lifesciences,0
taiwan cooperative financial,0
constellation brands,0
china jinmao,0
fanuc,0
yango group,0
legrand,0
shanghai pharmaceuticals,0
agc,0
shaanxi construction engineering group,0
hunan valin steel,0
goodman group,0
ia financial corporation,0
unum,0
anta sports products,0
continental resources,0
bâloise group,0
pegatron,0
jones lang lasalle,0
american financial group,0
daiwa securities,0
deutsche lufthansa,0
invesco,0
nasdaq,0
schindler holding,0
comerica,0
mizrahi tefahot bank,0
bio-rad laboratories,0
industries qatar,0
kakao,0
ashtead group,0
punjab national bank,0
delta electronics,0
alcon,0
td synnex,0
antofagasta,0
pultegroup,0
wan hai lines,0
equinix,0
reliance steel,0
ptt global chemical,0
bankinter,0
teva pharmaceutical,0
c.h. robinson,0
verbund,0
zions bancorp,0
bank of chengdu,0
3i group,0
alinma bank,0
jde peet's,0
cosmo energy holdings,0
risesun real estate development,0
uni-president,0
mahindra & mahindra,0
telenor,0
ucb,0
interpublic group,0
akzo nobel,0
celanese,0
avalonbay communities,0
randstad n.v.,0
sibanye stillwater,0
first financial holding,0
microchip technology,0
flex,0
liberty media corporation series a liberty formula one,0
agilent technologies,0
guangzhou automobile group,0
rosseti,0
beijing shougang,0
cgi,0
csc financial,0
thyssenkrupp group,0
shenzhen mindray bio-medical electronics,0
hoya,0
tongwei,0
kuwait finance house,0
grupo bimbo,0
lkq,0
chubu electric power,0
lithia motors,0
swire pacific,0
unicaja banco,0
mazda motor,0
telecom italia,0
china galaxy securities,0
cnpc capital,0
china southern airlines,0
dassault systemes,0
gd power development,0
paychex,0
genworth financial,0
monster beverage,0
china longyuan power,0
ovintiv,0
bdo unibank,0
autonation,0
china aoyuan group,0
chesapeake energy,0
j.b. hunt transport services,0
mediobanca,0
credicorp,0
realty income,0
beijing enterprises,0
coterra energy,0
siam commercial bank,0
nongfu spring,0
finatis,0
greentown china holdings,0
meritz financial group,0
tbea,0
rockwell automation,0
west fraser timber co.,0
helvetia holding,0
chow tai fook jewellery,0
givaudan,0
polyus,0
lululemon athletica,0
bath & body works,0
jabil circuit,0
innolux,0
partners group holding,0
luzhou lao jiao,0
scor,0
dover,0
east west bancorp,0
j sainsbury,0
kaisa group holdings,0
china huarong asset management,0
au optronics,0
ulta beauty,0
korea investment holdings,0
itaúsa,0
baic motor,0
cellnex telecom,0
aes,0
evraz group,0
leonardo,0
impala platinum holdings,0
lotte chemical,0
foshan haitian flavouring and food,0
rolls-royce holdings,0
sodexo,0
altice usa,0
bank negara indonesia,0
davita,0
old mutual,0
yum china holdings,0
penske automotive,0
yamaha motor,0
kingfisher,0
storebrand,0
darden restaurants,0
hess,0
cj corporation,0
falabella,0
coupang,0
capitaland investment,0
fastighets balder,0
welltower,0
kajima,0
steel authority of india,0
caesars entertainment,0
new world development,0
textron,0
cemex,0
hexagon,0
zim integrated shipping services,0
china national chemical,0
fastenal,0
chongqing zhifei biological products,0
secom,0
angang steel,0
sto express,0
zoom video communications,0
magnitogorsk iron & steel,0
nvr,0
evergy,0
alpha dhabi holding,0
kirin holdings,0
bank of changsha,0
voestalpine,0
china resources pharmaceutical group,0
kuaishou technology,0
bbmg,0
suning.com,0
national bank of greece,0
targa resources,0
olympus,0
umicore,0
expedia group,0
hua nan financial,0
jiangsu yanghe brewery,0
kerry group,0
beiersdorf,0
leidos,0
eastman,0
vistra energy,0
tohoku electric power,0
banca mediolanum,0
pge polska grupa energetyczna,0
transdigm group,0
experian,0
mirae asset financial group,0
eqt ab,0
gail india,0
inner mongolia baotou steel,0
towngas,0
on semiconductor corp.,0
terna,0
carnival corporation,0
vici properties,0
chipotle mexican grill,0
toppan printing,0
shanghai electric group,0
turkish airlines,0
ferrari,0
old republic international,0
jeronimo martins,0
zimmer biomet,0
alcoa,0
santos,0
alstom,0
kyushu electric power,0
goodyear,0
tenaris,0
bluescope steel,0
petronas chemicals,0
illumina,0
synopsys,0
datang international power,0
top frontier investment holdings,0
arkema,0
nippon paint,0
kobe steel,0
bank of greece,0
bank of guiyang,0
hd hyundai,0
royal mail,0
eurofins scientific societe europeenne,0
lundbergs,0
guangzhou r&f,0
china gas holdings,0
shanxi xinghuacun fen wine factory,0
hologic,0
western alliance bancorp.,0
wuchan zhongda group,0
metro,0
raizen,0
old dominion freight line,0
israel discount bank,0
bangkok bank,0
akbank,0
mitsui chemicals,0
midea real estate holding,0
sharp,0
kpn,0
kohl's,0
chongqing changan auto,0
canadian tire,0
vienna insurance group,0
new hope liuhe,0
sichuan road & bridge,0
copart,0
dick's sporting goods,0
jiangsu hengrui medicine,0
universal health services,0
grupo inbursa,0
dongguan rural commercial bank,0
dassault aviation,0
yara international,0
banco de sabadell,0
olam group,0
wuxi apptec,0
popular,0
hydro one,0
sg holdings,0
sojitz,0
goertek,0
frontier communications parent,0
samhallsbyggnadsbolaget i norden,0
schaeffler,0
migdal insurance,0
inter rao,0
nedbank,0
hopson development holdings,0
ametek,0
lg,0
skanska,0
hbis,0
banco bpm,0
china fortune land development,0
adyen,0
air france-klm,0
jacobs engineering,0
china resources power,0
ppl,0
aib group,0
transurban group,0
tourmaline oil,0
arab national bank,0
marvell technology,0
skyworks solutions,0
arista networks,0
china three gorges renewables (group),0
electronic arts,0
flutter entertainment,0
brighthouse financial,0
international airlines,0
boliden,0
cf industries holdings,0
krung thai bank,0
didi global,0
hyundai marine & fire,0
csn,0
apa,0
ssab ab,0
teleperformance,0
campbell soup,0
sofina,0
bunzl,0
cj cheiljedang,0
magnit,0
huadian power international,0
nari technology development,0
marathon oil,0
eurazeo,0
tokyo gas,0
guangzhou rural commercial bank,0
heimstaden ab pref. shs,0
keysight technologies,0
schroders,0
stonex group,0
aurubis,0
garmin,0
compal electronics,0
enn natural gas,0
phoenix holdings,0
mccormick,0
indian bank,0
idexx laboratories,0
smurfit kappa group,0
xinjiang daqo new energy,0
halkbank,0
waste connections,0
swatch group,0
south32,0
china overseas grand oceans group,0
tokyo century,0
japan exchange group,0
terumo,0
leg immobilien ag,0
sun pharma industries,0
brown-forman,0
assurant,0
ajinomoto,0
indorama ventures,0
taishin financial holdings,0
zoomlion heavy industry,0
xcmg construction machinery,0
powerlong real estate,0
yuexiu property,0
sonic healthcare,0
netapp,0
wolters kluwer,0
galp energia,0
nexon,0
royal caribbean group,0
extra space storage,0
shengjing bank,0
x5 retail group,0
cadence design,0
vakifbank,0
agco,0
shanxi taigang stainless,0
grupo elektra,0
sdic power holdings,0
zhongliang holdings,0
wuestenrot & wuerttembergische,0
msci,0
bper banca,0
obayashi,0
bnk financial group,0
oji holdings,0
spotify technology,0
coloplast,0
brenntag,0
wens foodstuff group,0
first american financial,0
euronext,0
masraf al rayan,0
mercadolibre,0
packaging corp of america,0
mitsubishi materials,0
wharf real estate investment,0
berry global group,0
maanshan iron & steel,0
perkinelmer,0
navient,0
rtl group,0
kesko,0
samsung securities,0
quanta services,0
beijing capital development,0
far east horizon,0
faurecia,0
indian railway finance,0
liberty broadband,0
xiamen international trade group,0
airbnb,0
china grand automotive services,0
china eastern airlines,0
adecco,0
agnc investment,0
westinghouse air brake technologies,0
kawasaki kisen kaisha,0
empire,0
guangdong haid group,0
shimano,0
attijariwafa bank,0
chailease holding,0
henry schein,0
epiroc,0
suntory beverage & food,0
mettler-toledo international,0
wendel,0
osaka gas,0
thor industries,0
williams-sonoma,0
xiamen xiangyu,0
rivian,0
kion group,0
sino-ocean group holding,0
olin,0
kimco realty,0
bank of chongqing,0
fortinet,0
church & dwight,0
wistron,0
servicenow,0
align technology,0
mohawk industries,0
ss&c technologies,0
adani enterprises,0
advance auto parts,0
west japan railway,0
franco-nevada,0
unicharm,0
xp,0
duke realty,0
valeo,0
avic capita,0
ahli united bank,0
ugi,0
teradyne,0
avery dennison,0
sgs,0
covivio,0
first citizens bank (nc),0
ningxia baofeng energy group,0
metalurgica gerdau,0
charoen pokphand foods,0
indusind bank,0
orient securities,0
brookfield renewable,0
verisk analytics,0
ventas,0
cooper companies,0
erdemir,0
gartner,0
slm,0
atmos energy,0
bci-banco credito,0
lotte shopping,0
china cssc holdings,0
synovus,0
iida group holdings,0
thai beverage,0
equifax,0
kingspan group plc,0
newcrest mining,0
kerry properties,0
globe life,0
bank of jinzhou,0
bank of east asia,0
marfrig global foods,0
vipshop holdings,0
acciona,0
hilton,0
sinotruk hong kong,0
borgwarner,0
nu holdings,0
adient,0
unibail-rodamco,0
zebra technologies,0
verisign,0
kakaobank,0
hyundai glovis,0
a2a,0
jm smucker,0
incyte,0
geberit,0
zhongyuan bank,0
performance food group,0
advanced info service,0
martin marietta materials,0
boston properties,0
kghm polska miedz,0
agility,0
fukuoka financial group,0
wharf (holdings),0
amerco,0
gecina,0
mondi,0
halyk bank,0
bank of india,0
rhb bank,0
commercial bank of qatar,0
virgin money uk,0
las vegas sands,0
us foods,0
fleetcor technologies,0
nitori holdings,0
sonova holding,0
keppel,0
crown holdings,0
rexel,0
alliant energy,0
sinopac financial,0
b3,0
shiseido,0
china nuclear engineering corporation,0
ingersoll rand,0
mebuki financial group,0
concordia financial group,0
weg,0
wheaton precious metals,0
aroundtown,0
medipal holdings,0
phosagro,0
huafa industrial,0
tongkun group,0
scentre group,0
nippon express holdings,0
taisei,0
kumho petrochemical,0
globalfoundries,0
atlassian,0
all nippon airways,0
chiba bank,0
vietin bank,0
eqt,0
west pharmaceutical services,0
china everbright international,0
hoa phat group,0
nine dragons paper holdings,0
adani ports & special economic zone,0
bank of guizhou,0
new residential investment,0
kingdom holding,0
adani green energy,0
fortive,0
rocket companies,0
banca mps,0
knorr-bremse,0
hna technology,0
oriental land,0
news corp,0
china resources gas group,0
momentum metropolitan holdings,0
royalty pharma,0
avantor,0
onemain holdings,0
vulcan materials,0
hokuhoku financial group,0
kiwoom securities,0
palo alto networks,0
chugoku electric power,0
dxc technology,0
metro group,0
shionogi,0
snowflake,0
owens corning,0
harel insurance investments & financial services,0
inner mongolia yitai coal,0
nh investment & securities,0
quilter,0
hf sinclair,0
korea shipbuilding & offshore engineering,0
samsung electro-mechanics,0
invitation homes,0
zto express (cayman),0
tingyi holding,0
workday,0
shizuoka bank,0
check point software,0
commercial bank for investment & development of vietnam,0
qorvo,0
kaspi.kz jsc,0
stifel financial,0
ypf,0
bank albilad,0
evolution gaming group ab,0
"lg innotek co.,",0
nisource,0
ab sagax,0
sdic capital,0
hachijuni bank,0
"sumitomo forestry co.,",0
kyushu financial group,0
trip.com group,0
china northern rare earth high-tech,0
snap,0
k+s,0
bank of tianjin,0
investec,0
nishi-nippon financial holdings,0
commercial international bank,0
nortonlifelock,0
crowdstrike,0
japan securities,0
clal insurance enterprises,0
xinyu iron & steel,0
interactive brokers group,0
sino biopharmaceutical,0
lg household & health care,0
dai nippon printing,0
north pacific bank,0
aena,0
nitto denko,0
world fuel services,0
akelius residential property,0
hong leong financial,0
bank of kyoto,0
meritz securities,0
shinsei bank,0
china development bank financial leasing,0
bok financial,0
yamaguchi financial,0
china communications services,0
ganfeng lithium,0
usiminas,0
banco comercial portugues,0
new york community bancorp,0
castellum,0
wacker chemie,0
rajesh exports,0
bawag group,0
sinotrans ltd.,0
will semiconductor,0
dexcom,0
cpi property group,0
harbin bank,0
kingboard holdings,0
autodesk,0
china shipbuilding industry,0
ceconomy,0
hirogin holdings,0
twitter,0
jyske bank,0
hengyi petrochemical,0
cerner,0
gunma bank,0
sahara international petrochemical,0
bank of zhengzhou,0
china merchants port holdings,0
wpg holdings,0
sunny optical technology group,0
zheshang development group,0
bank pekao,0
singapore airlines,0
united natural foods,0
uniqa,0
next,0
china resources beer (holdings),0
strabag,0
asian paints,0
chang hwa bank,0
huntsman,0
doosan,0
sba communications,0
datadog,0
lg uplus,0
organon,0
pbf energy,0
iveco group,0
arca continental,0
shanghai commercial & savings bank,0
piraeus financial holdings,0
daishi hokuetsu financial group,0
resmed,0
bj's wholesale club,0
pvh,0
77 bank,0
petro rabigh,0
adani transmission,0
zalando,0
eurobank ergasias,0
pool,0
chugoku bank,0
m3,0
sumec corporation,0
aramark,0
china industrial securities,0
focus media information technology,0
ramsay health care,0
cullen/frost bankers,0
live nation entertainment,0
emera,0
hoshine silicon industry,0
qinghai salt lake industry,0
starwood property trust,0
nexi s.p.a.,0
aecom technology,0
alpha bank,0
baywa,0
sqm,0
fmc,0
shaw communications,0
bausch health companies,0
tech mahindra,0
var energi asa,0
bank of qingdao,0
mitsubishi motors,0
moscow exchange,0
rite aid,0
waters,0
li ning,0
abu dhabi islamic bank,0
jiangxi bank,0
mercuries & associates,0
beigene,0
pan pacific international holdings,0
exor,0
daito trust construction,0
synnex technology intl,0
adani total gas,0
wuxi biologics,0
johnson matthey,0
bayan resources,0
burlington stores,0
credito emiliano,0
alfresa holdings,0
bandai namco holdings,0
faw jiefang group,0
constellation software,0
bajaj auto,0
chewy,0
shandong hualu-hengsheng chemical,0
avenue supermarts,0
lindt & sprungli,0
skf group,0
iyo bank,0
juroku  financial group,0
akamai technologies,0
ems-chemie holding,0
medical properties trust,0
taiwan business bank,0
zhejiang chint electrics,0
newell brands,0
first pacific,0
bank of jiujiang,0
dgb financial group,0
power assets holdings,0
xinyi glass holdings,0
toll brothers,0
pik group,0
foot locker,0
bank of suzhou,0
hyundai engineering,0
american equity investment,0
advantest,0
avnet,0
hyakugo bank,0
lucid motors,0
cspc pharmaceutical group,0
atos,0
manpower,0
hotai motor,0
smoore international holdings,0
clorox,0
dcc,0
gjensidige forsikring,0
ford otosan,0
bank of queensland,0
fortune brands home & security,0
lear,0
service corp intl,0
korea zinc,0
qingdao rural commercial bank,0
tosoh,0
doordash,0
cloudflare,0
jointown pharmaceutical group,0
showa denko,0
kawasaki heavy industries,0
deutsche pfandbriefbank,0
nio,0
ultrapar participacoes,0
american national group,0
ogaki kyoritsu bank,0
bendigo & adelaide bank,0
tongling nonferrous metals,0
electric power development,0
salzgitter,0
suzuken,0
shiga bank,0
sartorius,0
tsim sha tsui properties,0
qilu bank,0
horizon therapeutics public limited company,0
prysmian,0
crescent point energy,0
info edge india,0
finecobank,0
hubei biocause pharmaceutical,0
icon (ireland),0
yunnan copper co. ltd.,0
booz allen hamilton holding,0
red eléctrica,0
senshu ikeda holdings,0
banca popolare di sondrio,0
zhejiang expressway co. ltd.,0
wsp,0
lpl financial holdings,0
mid-america apartment communities,0
titan (india),0
beijing oriental yuhong waterproof technology,0
sistema,0
wayfair,0
zscaler,0
dangote cement,0
ricoh,0
trade desk,0
chr. hansen holding,0
jd sports fashion,0
aeroports de paris,0
banque cantonale vaudoise,0
amadeus it group,0
bank of lanzhou,0
digital china group,0
korean air,0
san-in godo bank,0
cpfl energia,0
airports of thailand,0
nanto bank,0
toho bank,0
veeva systems,0
aier eye hospital group,0
keiyo bank,0
abrdn,0
kyndryl holdings,0
qurate retail group,0
cosco shipping development,0
huaibei mining holdings,0
inventec,0
hanwa,0
pt saratoga investama sedaya,0
saputo,0
shimizu,0
e-l financial,0
basler kantonalbank,0
snap-on,0
luzerner kantonalbank,0
zhangzhou pientzehuang pharmaceutical,0
kinnevik,0
vietnam technological & commercial joint stock bank,0
fibi holdings,0
wesco international,0
yunnan yuntianhua,0
sitc international holdings,0
anhui water resources development,0
tokyo kiraboshi financial group,0
tenneco,0
pacwest bancorp,0
bank of gansu,0
barry callebaut,0
grupa lotos,0
yunnan energy new material,0
sca,0
acwa power,0
f&f,0
pennymac financial services,0
aareal bank,0
essex property trust,0
nanjing iron & steel,0
samsung sds,0
aozora bank,0
electrolux group,0
azrieli group,0
brown & brown,0
times property holdings,0
gold fields,0
commerce bancshares,0
tmb bank,0
china aviation oil,0
nippon steel trading,0
webster financial,0
novatek microelectronics corp.,0
persimmon,0
seagen,0
commercial metals,0
mongodb,0
bank of xi'an,0
grifols,0
murphy usa,0
cencosud,0
ares management,0
kiyo bank,0
shandong iron and steel,0
parkland,0
central bank of india,0
galaxy entertainment,0
teledyne technologies,0
dexus,0
palantir technologies,0
rothschild & co.,0
wintrust financial,0
costar group,0
banque centrale populaire,0
mr. cooper group,0
xiamen xinde,0
ayala corp,0
shanghai fosun pharmaceutical,0
shenzhen inovance technology,0
genmab,0
ansys,0
tmx group,0
gap,0
hyakujushi bank,0
asm international,0
tokyu fudosan,0
albemarle,0
bradespar,0
aristocrat leisure,0
hainan airlines holding,0
metropolitan bank & trust,0
robert half international,0
shanghai yuyuan tourist mart,0
bread financial holdings,0
healthpeak properties,0
steris,0
yamada denki,0
xpo logistics,0
hera,0
intco medical technology,0
adnoc drilling,0
hokkoku financial holdings,0
shenzhou international group holdings,0
far eastern new century,0
farfetch,0
huali industrial group,0
jindal steel & power,0
mashreq bank,0
zall smart commerce group,0
fcc,0
veon,0
avichina industry & technology,0
masco,0
weihai city commercial bank,0
cadence bank,0
yamato holdings,0
musashino bank,0
pinnacle bank,0
jinshang bank,0
seiko epson,0
ampol,0
jb financial group,0
tapestry,0
logitech international,0
fertiglobe,0
wt microelectronics,0
group 1 automotive,0
unity software,0
china petroleum engineering,0
li auto,0
swedish match,0
twilio,0
whitecap resources,0
efg international,0
grandjoy holdings group,0
kloeckner & co,0
match group,0
onex,0
wingtech technology,0
aperam,0
shenzhen feima international supply chain,0
nmdc,0
sichuan changhong electric,0
satellite chemical,0
samsung electronics,0
facebook,0
daimler,0
home depot,0
anthem,0
emd group,0
lafargeholcim,0
sempra energy,0
viacomcbs,0
royal dutch shell,0
dnb,0
athene holding,0
saudi basic industries,0
citizens bank (rhode isiand),0
willis towers watson,0
fidelity national information,0
discovery,0
essity ab,0
natixis,0
sk holdings,0
evonik,0
deutsche wohnen,0
hershey,0
jiangsu zhangjiagang rural commercial bank,0
china life insurance (taiwan),0
china gezhouba,0
yanzhou coal mining,0
garanti bank,0
l brands,0
alexion pharmaceuticals,0
industrivarden,0
mosaic,0
jacobs,0
eisai,0
square,0
ihs markit,0
carnival,0
mirae asset daewoo,0
china feihe,0
eastman chemical,0
rsa insurance group,0
yunnan baiyao group,0
lens technology,0
maxim integrated products,0
kwg group holdings,0
xilinx,0
synnex,0
sichuan language development,0
melrose industries,0
people's united bank,0
capitaland,0
enstar group,0
iliad,0
renaissancere holdings,0
community health systems,0
olam international,0
zhejiang zheneng electric power,0
meiji holdings,0
ica gruppen,0
kansas city southern,0
hyundai heavy industries holdings,0
celltrion,0
lixil group,0
wharf real estate,0
zhongtai securities,0
ronshine china holdings,0
largan precision,0
huntington ingalls industries,0
top glove,0
biomarin pharmaceutical,0
nomura research institute,0
lanxess,0
latour ab investment,0
changchun high & new technology,0
colruyt,0
standard life,0
coca-cola hbc,0
broadridge financial,0
prosperity bancshares,0
shenzhen transsion holding,0
teladoc health,0
country garden services holdings,0
take-two interactive software,0
minebea,0
wm morrison supermarkets,0
safaricom,0
nippon express,0
technipfmc,0
flagstar bancorp,0
sparebanken nord-norge,0
ubiquiti,0
china sce group holdings,0
synovus financial,0
commerce bank,0
shinsun holdings (group),0
xinyi solar holdings,0
hansoh pharmaceutical group,0
kinross gold,0
bombardier,0
polymetal international,0
zhenro properties group,0
admiral group,0
ono pharmaceutical,0
citrix systems,0
new oriental education & technology group,0
omron,0
taiwan cement,0
rmb holdings,0
radiance holdings (group),0
xinjiang goldwind science & technology,0
vingroup,0
ncsoft,0
jiangxi zhengbang technology,0
pinnacle west,0
pinterest,0
roku,0
tokyu,0
ooredoo q.p.s.c,0
cannae holdings,0
etsy,0
valley natl bancorp,0
makita,0
tp icap,0
agnico eagle mines,0
docusign,0
western union,0
c&d international investment group,0
psg group,0
bank muscat,0
iluka resources,0
china resources cement holdings,0
zain,0
maroc telecom,0
magazine luiza,0
zenith bank,0
piraeus bank,0
roblox,0
air lease,0
novozymes,0
smith & nephew,0
trimble,0
rpm international,0
companhia brasileira de distribuicao,0
evergrande property services group,0
china railway signal & communication,0
domino's pizza,0
bilibili,0
gudang garam,0
almarai,0
delivery hero,0
anglogold ashanti,0
kt&g,0
credit bank of moscow,0
yonghui superstores,0
biomerieux,0
yandex nv,0
sekisui chemical,0
algonquin power & utilities,0
kirkland lake gold,0
china conch venture holdings,0
epam systems,0
fuyo general lease,0
juroku bank,0
okta,0
hulic,0
ihi,0
hokkaido electric power,0
president chain store,0
proximus,0
w.p. carey,0
tele2,0
haidilao international holding,0
lt group,0
peloton interactive,0
carvana,0
daou data,0
just group,0
big lots,0
generac holdings inc.,0
trygvesta,0
zillow group,0
fareast islami life insurance company,0
marvell technology group,0
ryanair holdings,0
guangzhou baiyunshan pharmaceutical holdings,0
core-mark holding,0
ruchi soya industries,0
offcn education technology,0
brilliance china automotive holdings,0
hellofresh,0
first heartland jusan bank,0
liberbank,0
cit group,0
ringcentral,0
fluor,0
scotts miracle-gro,0
taiheiyo cement,0
xpeng,0
teleflex,0
amdocs,0
afterpay,0
idex,0
orient,0
tronox,0
zhejiang nhu,0
lic housing finance,0
cattolica assicurazioni,0
dollarama,0
hokkoku bank,0
bohai leasing,0
haseko,0
puma,0
youngor group,0
howmet aerospace,0
otsuka,0
vodafone idea,0
transunion,0
zhejiang dahua technology,0
alfa,0
brambles,0
nuernberger beteiligungs,0
nexstar media group,0
alfa laval,0
symrise,0
barratt developments,0
autohome,0
rushydro,0
open house,0
tcf financial,0
also holding,0
bank of nagoya,0
sysmex,0
charles river labs,0
centra,0
shenzhen investment,0
cathay pacific airways,0
slack technologies,0
penn national gaming,0
seb sa,0
dixons carphone,0
guangdong investment,0
rede d'oro luiz,0
origin energy,0
hubspot,0
jtekt,0
insurance australia group,0
paycom,0
bandsintown,1
tricipher,1
plixi,1
solidcore systems,1
inhale digital,1
matisse networks,1
ringcube technologies,1
clairmail,1
voodoovox,1
doostang,1
zong,1
center'd,1
resonant vibes,1
drop.io,1
stratavia,1
invicta networks,1
qsecure,1
meevee,1
singleplatform,1
bling nation,1
metreos corporation,1
hidden city games,1
neopolitan networks,1
pixelpipe,1
eventvue,1
bridgeport networks,1
scalent systems,1
iq engines,1
"retailmenot, inc.",1
mophie,1
airship ventures,1
lockdown networks,1
eminor,1
karma,1
zipano,1
entertainment media works,1
elastra,1
rpo,1
fotomoto,1
peer39,1
vitrue,1
trendslide,1
publicearth,1
azaleos,1
efficient frontier,1
netdevices,1
go try it on,1
performable,1
appstores.com,1
fortify software,1
icurrent,1
aislebuyer,1
indeed,1
colubris networks,1
mashery,1
transparency software,1
viewdle,1
enclarity,1
virsto software,1
handmark,1
viacor,1
carbonetworks,1
schemalogic,1
skyway software,1
cardstar,1
makani power,1
myrio,1
intela,1
sana security,1
sportgenic,1
lolapps,1
behavio,1
infinity box,1
adbrite,1
texert,1
mendocino software,1
quikcycle,1
instagram,1
motionbox,1
accelgolf,1
mopub,1
dnp green technology,1
abound solar,1
trovix,1
thumbplay,1
plethora technology,1
dailystrength,1
danotek motion technologies,1
yub,1
snapin software,1
azuro,1
arpu,1
bookfresh,1
singly,1
txvia,1
blue vector systems,1
open kernel labs,1
elanti systems,1
astrid,1
nordic windpower,1
visiprise,1
hubspan,1
iconclude,1
41st parameter,1
aardvark,1
hotelicopter,1
anystream,1
cakestyle,1
fluther,1
pocket communications northeast,1
goodreads,1
woven systems,1
kolorific,1
krugle,1
flud,1
chomp,1
origen therapeutics,1
inlet technologies,1
shopwiki,1
fondu,1
loudcaster,1
twofish,1
workstreamer,1
qwiki,1
redwood systems,1
artisan pharma,1
bill me later,1
bueda,1
defywire,1
silicon clocks,1
themarkets,1
netgamix inc,1
sentrigo,1
netli,1
define my style,1
firethorn,1
wellcore,1
taligen therapeutics,1
adap.tv,1
current media,1
paraccel,1
arch rock corporation,1
spiralfrog,1
plusmo,1
ziplist,1
involver,1
lionside,1
game trust,1
nearbuy systems,1
visible path,1
vt silicon,1
getback,1
slipstream,1
hiplogic,1
dilithium networks,1
yobongo,1
brickfish,1
myenergy,1
likelist,1
social collective,1
pure networks,1
internet pawn,1
neurotherapeutics pharma,1
provade,1
infineta systems,1
challenge games,1
crowd factory,1
friendsignia,1
vizibility,1
openfeint,1
tumblr,1
hotlist,1
crashlytics,1
bridgepoint medical,1
recurve,1
conformity,1
moprise,1
plizy,1
shoprunner,1
ratepoint,1
digital performance,1
gowalla,1
copan systems,1
replay solutions,1
turf geography club,1
skyrockit,1
cartavi,1
cramster,1
certify data systems,1
wheelz,1
centrepath,1
voxpop network corporation,1
opvista,1
metaweb technologies,1
docverse,1
veoh,1
bzzagent,1
hammerhead systems,1
thermaltherapeuticsystems,1
guardianedge technologies,1
gradient x,1
ezzai - how to arabia,1
rpath,1
boomi,1
volomedia,1
flixster,1
wesabe,1
offerlounge,1
neoedge networks,1
semisouth laboratories,1
camiant,1
nuconomy,1
flowtown,1
globalcrypto,1
bioenvision,1
teranetics,1
webvisible,1
goodguide,1
vivu,1
avventa,1
dijipop,1
layer 7 technologies,1
deliveryedge,1
solmentum,1
pipewise,1
gridnetworks,1
map pharmaceuticals,1
"orca, inc.",1
amobee,1
kotura,1
auvitek international,1
outright,1
phurnace software,1
fastsoft,1
grandcentral,1
speedshape,1
bluelithium,1
media chaperone,1
giant realm,1
invite media,1
upmo,1
appscio,1
eons,1
locamoda,1
meraki,1
mpower mobile,1
haute secure,1
intelliworks,1
meridian,1
kluster,1
international battery,1
jingle networks,1
semequip,1
itsgoinon,1
msnap,1
biofisica,1
ardian,1
tracelytics,1
canopy financial,1
kyte,1
ounce labs,1
crossbeam systems,1
packethop,1
inaura,1
dynapump,1
immunet corporation,1
copperegg corporation,1
wink,1
popularmedia,1
miyowa,1
intrusic,1
dashwire,1
reddit,1
pure digital technologies,1
voxify,1
evoapp,1
visual revenue,1
calibra medical,1
offermatic,1
hiwired,1
datemyfamily.com,1
hyperic,1
optimal,1
sendmehome.com,1
q-magic,1
geodelic systems,1
blockbeacon,1
postpath,1
attune systems,1
tokbox,1
avega systems,1
heartscape,1
peerme,1
pacinian,1
neosaej,1
kiha software,1
vlingo,1
tizor systems,1
cerona networks,1
oorja protonics,1
hurricane party,1
minekey,1
blip,1
fabkids,1
cafebots,1
avaak,1
newfield design,1
savored,1
digg,1
songza,1
bigfoot networks,1
kongregate,1
powerset,1
kiptronic,1
cozi group,1
likewise software,1
lifestander,1
jaxtr,1
mx logic,1
metaplace,1
travelmuse,1
jambool,1
zipcar,1
hitpost,1
home-account,1
payparade pictures,1
planet metrics,1
kwiry,1
imeem,1
amadesa,1
cast iron systems,1
aptera,1
rentjuice,1
verari systems,1
parascale,1
geni,1
zentact,1
outside.in,1
salesforce buddy media,1
vizu corporation,1
zing systems,1
dynamicops,1
movero technology,1
elevation pharmaceuticals,1
punch entertainment,1
stickybits,1
ecast,1
lifeio,1
edgecast networks,1
sirific wireless,1
revetto,1
zoomsafer,1
akarx,1
lama lab,1
buysight,1
tripit,1
pinch media,1
enstratius,1
jumptap,1
wichorus,1
hatteras networks,1
focus,1
easy2comply (dynasec),1
socialize,1
clearwire,1
credant technologies,1
exclusively.in,1
avidia,1
paydivvy,1
octavian,1
kickapps,1
airwide solutions,1
localocracy,1
pixable,1
mfoundry,1
bevvy,1
livemocha,1
ironport systems,1
crowdcast,1
where,1
pictela,1
grouply,1
storify,1
axiom microdevices,1
shoedazzle,1
liftdna,1
onavo,1
pyxis mobile,1
link_a_media devices,1
guardium,1
trooval,1
compete,1
rollstream,1
neoguide systems,1
accept software,1
milo,1
mimosa systems,1
surphace,1
cloudmeter,1
zecter,1
dimdim,1
teleflip,1
messagegate,1
cloverleaf communications,1
skypilot networks,1
zencoder,1
storm exchange,1
the huffington post,1
exaprotect,1
akorri networks,1
giiv,1
myshape,1
blacklocus,1
feedburner,1
dailyburn,1
casttv,1
venmo,1
weshow,1
sensage,1
luminus devices,1
tapioca mobile,1
bestvendor,1
local marketers,1
eyeona,1
coldspark,1
etology,1
wander (f. yongopal),1
crowdcompass,1
right media,1
goby,1
fiveruns,1
geekstatus,1
moli,1
trenstar,1
world blender,1
zymetis,1
dispatch,1
hautelook,1
semantra,1
inertia beverage group,1
sponge,1
genesis networks,1
mogad,1
meebo,1
accertify,1
n2n commerce,1
streambase systems,1
provigent,1
navic networks,1
integrien,1
generic media,1
persystent technologies,1
wireimage,1
hello chair,1
encentuate,1
consorte media,1
triples media,1
rightsflow,1
theplatform,1
docstoc,1
twtbks,1
zenprise,1
picateers,1
vontu,1
nextio,1
emergent game technologies,1
threadsy,1
sonar.me,1
stylezen,1
kiva systems,1
krillion,1
transactiv,1
nprogress,1
brightkite,1
peanut labs,1
flipkey,1
apptrigger,1
footnote,1
nextmedium,1
iosil energy,1
kurani interactive,1
kapow software,1
locately,1
trustedid,1
ciclon semiconductor device corporation,1
azingo,1
vudu,1
"itog, inc.",1
plaxo,1
sharetivity,1
youtube,1
hashable,1
mynines,1
itzbig,1
loosecubes,1
avid radiopharmaceuticals,1
contur,1
exacttarget,1
rhythmia medical,1
myminilife,1
adept cloud,1
factery,1
"meetme, inc.",1
wildblue,1
headcase humanufacturing,1
bluepulse,1
mr. youth,1
teknovus,1
qik,1
eqal,1
ionlogix systems,1
atrica,1
socialthing,1
next new networks,1
adecn,1
cuil,1
sensory networks,1
flock,1
admob,1
feefighters,1
wehostels,1
timebridge,1
lazarus therapeutics,1
loyalty lab,1
rentstuff.com,1
zmanda,1
jumo,1
sionex,1
sezmi,1
studionow,1
picapp,1
million dollar earth,1
composite software,1
terracotta,1
firestar software,1
aquest systems,1
faves,1
generate,1
attributor,1
greenplum software,1
playspan,1
jackbe,1
d2c games,1
zimbra,1
smith & tinker,1
mu dynamics,1
fulcrum microsystems,1
retel technologies,1
nexgen storage,1
way systems,1
roxro pharma,1
intelliden,1
forrst,1
xgraph,1
color labs inc.,1
playdom,1
digital reef,1
servio,1
advaliant,1
vocalocity,1
dapper,1
seesaw networks,1
oneforty,1
smalltown,1
skyrider,1
skillslate,1
awesometouch,1
syncplicity,1
fortisphere,1
playerduel,1
aveksa,1
panta systems,1
beceem communications,1
trust digital,1
sabrix,1
panther express,1
t-networks,1
bluenote networks,1
predictify,1
breakingpoint systems,1
optimedica,1
metatomix,1
neterion,1
schooner information technology,1
swaptree inc.,1
nalace corporation,1
quidsi,1
spotdock,1
netcordia,1
searchme,1
yammer,1
clever sense,1
alterpoint,1
shocking technologies,1
ribbit,1
storsimple,1
nationalfield,1
tripl,1
sadra medical,1
expressor software,1
nsfw corporation,1
azaire networks,1
quigo,1
weatherista,1
navini networks,1
virtuallogix,1
exit41,1
sezwho,1
jobs2web,1
highlightcam,1
merchantcircle,1
helicomm,1
kace networks,1
thwapr,1
zinch,1
cloud.com,1
"wildfire, a division of google",1
authenticlick,1
idooble,1
bioseek,1
xkoto,1
coradiant,1
quantalife,1
broadlight,1
bbe,1
telasic communications,1
legitime technologies,1
mobius microsystems,1
boonty,1
b-side entertainment,1
taggstr,1
fashism,1
goodmail systems,1
nirvanix,1
lookstat,1
sweepery,1
luminary micro,1
zettacore,1
clicker,1
ikoa,1
socialshield,1
leisurelogix,1
storwize,1
autovirt,1
loopt,1
blue lane technologies,1
socialcast,1
collective intellect,1
wavii,1
seesmic,1
apnex medical,1
mobilereactor,1
echopass corporation,1
id analytics,1
vela systems,1
flowcardia,1
bizanga,1
transpond,1
caterva,1
innovative silicon,1
kardia health systems,1
biolex therapeutics,1
foldrx pharmaceuticals,1
klir technologies,1
metacarta,1
viridity software,1
devtap,1
bebo,1
sidetour,1
sarcode bioscience,1
lore,1
pelago,1
desk,1
trinity biosystems,1
virtual computer,1
oasys mobile,1
gamook,1
quattro wireless,1
shopwell,1
newsbasis,1
nexx systems,1
5min media,1
mycabbage,1
gotuit,1
telecis wireless,1
snapette,1
emsense,1
makerbot,1
image space media,1
wanderfly,1
walkby,1
famecast,1
cassatt,1
virtuoz,1
solfocus,1
nimbula,1
giftiki,1
storspeed,1
spabooker,1
jajah,1
baxano,1
ripcode,1
veterancentral.com,1
ripplefunction,1
cv ingenuity,1
adexlink,1
certeon,1
applied identity,1
prenova,1
woome,1
helpmerent.com,1
mail.com media corporation,1
dubmenow,1
smooth-stone,1
onstor,1
relationship analytics,1
summize,1
joulex,1
etelos,1
make it work,1
mapmyfitness,1
what they like,1
fetchback,1
sermo,1
wi-chi,1
alnara pharmaceuticals,1
braintree,1
virident systems,1
pearl therapeutics,1
lexity,1
diligent technologies,1
ebillme,1
smilebox,1
b-hive networks,1
hot potato,1
kashless,1
three screen games,1
launchgram,1
brightqube,1
servicemesh,1
lookery,1
wantful,1
zep solar,1
help me rent magazine,1
mog,1
loud3r,1
oyster.com,1
loglogic,1
styletrek,1
sequoia communications,1
snapnames,1
simple star,1
stylefeeder,1
flashsoft,1
trustdegrees,1
symwave,1
clearwell systems,1
impeva,1
nettle,1
cubetree,1
infochimps,1
songbird,1
simplegeo,1
1000memories,1
sensorlogic,1
touristeye,1
oberon media,1
arroyo video solutions,1
aragon pharmaceuticals,1
#waywire,1
feedtrace,1
five star technologies,1
vontoo,1
allurent,1
quantivo,1
crossing automation,1
scrapblog,1
yield software,1
flycast,1
off & away,1
cyphermax,1
nexsan,1
tipping bucket,1
qlusters,1
producteev,1
spinthecam,1
amalfi semiconductor,1
dormzy,1
ichange,1
appfog,1
hotpads,1
sampa,1
dancejam,1
right90,1
socialmedia.com,1
buywithme,1
photobucket,1
xtremio,1
level 5 networks,1
votizen,1
siimpel corporation,1
talkplus,1
napera networks,1
nebuad,1
tercica,1
robotgalaxy,1
passwordbank,1
snaptell,1
gigi hill,1
cloudshield technologies,1
instinctiv,1
anchor bay technologies,1
waze,1
aster data systems,1
diversion,1
codesion,1
xoopit,1
one block off the grid (1bog),1
appature,1
action engine,1
blackwave,1
softlayer,1
mytopia,1
jackpot rewards,1
andigilog,1
barrx medical,1
power analog microelectronics,1
classiphix,1
startupdigest,1
wilinx,1
cohuman,1
correlix,1
otherinbox,1
m-factor,1
athena design systems,1
servo software,1
levanta,1
edgespring,1
dotspots,1
about.me,1
republic project,1
hit systems,1
yamisee,1
thinkfuse,1
echosign,1
pi corporation,1
"moveablecode, inc.",1
daylife,1
desktone,1
pulse,1
opzi,1
standing cloud,1
where i've been,1
hipchat,1
scaleio,1
groupme,1
weare.us,1
kickfire,1
"lifesize, a division of logitech",1
chil semiconductor,1
aptana,1
enpirion,1
rfinity,1
ecoatm,1
adura technologies,1
rhythm newmedia,1
topsy labs,1
digit wireless,1
silver tail systems,1
tatara systems,1
reliant technologies,1
atrua technologies,1
casabi,1
peek & co,1
bluefin labs,1
c2 microsystems,1
gopollgo,1
multigig,1
ortiva wireless,1
sometrics,1
kima labs,1
chronicity,1
whiskey media,1
jobfox,1
natural cleaners colorado,1
gaikai,1
blue buzz network,1
max-viz,1
cotendo,1
particle code,1
flowgram,1
javajobs,1
behance,1
locu,1
dynatrace software,1
socialbomb,1
imagine communications,1
univa ud,1
tutorspree,1
oneriot,1
moonshoot,1
arcsight,1
ageia technologies,1
u.s. fiduciary,1
broadway networks,1
xelerated,1
oodle,1
the climate corporation,1
kosmix,1
xtify inc.,1
limerick biopharma,1
iskoot,1
rudder,1
panvidea,1
sway,1
traffiq,1
dexterra,1
cotweet,1
reef point systems,1
paracor medical,1
causata,1
asempra technologies,1
forward networks,1
wise,1
benchling,1
tulip interfaces,1
astranis,1
smartcar,1
dataiku,1
ro,1
datagrail,1
earnin,1
pantheon platform,1
madkudu,1
common,1
platform science,1
canary technologies,1
tessian,1
onesignal,1
dashlane,1
hiro,1
securly,1
policygenius,1
scoop,1
healthsherpa,1
small door veterinary,1
hyperscience,1
turo,1
shield ai,1
amplitude,1
tanium,1
ontra,1
klaviyo,1
front,1
grammarly,1
unite us,1
thoughtspot,1
athletic,1
angellist,1
weights & biases,1
wonolo,1
clearbit,1
launchdarkly,1
clever,1
attentive,1
tapcart,1
labelbox,1
included health,1
gamechanger,1
instabase,1
b12,1
swoopme,1
coupa software,1
stord,1
sendbird,1
signifyd,1
solv.,1
chainalysis,1
neighbor,1
people.ai,1
kong,1
ironclad,1
kodiak robotics,1
rippling,1
snappr,1
anyroad,1
jackpocket,1
hubs,1
ritual,1
1stdibs.com,1
benchsci,1
karat,1
sysdig,1
shift technology,1
sciencelogic,1
apollo graphql,1
ripple,1
tray.io,1
pixlee turnto,1
moxion power,1
avantstay,1
aircall,1
logrocket,1
wellframe,1
airtime,1
performline,1
riskified,1
influxdata,1
panorama education,1
bluevine,1
knotch,1
redox,1
hinge health,1
paddle,1
ordergroove,1
yipitdata,1
memfault,1
change.org,1
hipcamp,1
bolt,1
cherre,1
groove.co,1
credible,1
ledgy,1
ergeon,1
farmwise,1
summer,1
auterion,1
alphasense,1
decentro,1
aetion,1
preply,1
zipline,1
enigma technologies,1
logicmonitor,1
big health,1
newsela,1
forward,1
cedar,1
calm,1
swift navigation,1
singlestore,1
lingo live,1
liveramp,1
buildzoom,1
rideos,1
yieldify,1
newfront,1
homelight,1
ellevation education,1
blueprint title company,1
textio,1
drizly,1
skupos,1
rentable,1
patreon,1
springboard,1
aurora solar,1
doma,1
loftium,1
prizepicks,1
fond,1
scratch,1
area 1 security,1
guideline,1
gametime united,1
scribd,1
buck mason,1
project rōnin,1
blueboard,1
swimply,1
seamless.ai,1
castle,1
luma health,1
ab tasty,1
meet group,1
upstox,1
inmarket,1
peek.com,1
jobscan,1
flexe,1
clearcover,1
appzen,1
walletconnect,1
unison,1
contentsquare,1
juni,1
wealthsimple,1
nexus labs,1
manychat,1
creatoriq,1
petal,1
newstore,1
rescale,1
chownow,1
immuta,1
unqork,1
inworld ai,1
nuna,1
trialspark,1
vannevar labs,1
outset medical,1
embark,1
softrams,1
assurance iq,1
koddi,1
inspire11,1
the voleon group,1
zerocater,1
simple habit,1
nextdoor,1
xceed,1
assemblyai (yc s17),1
mason,1
salsify,1
blend,1
remote,1
nova credit,1
grow therapy,1
attest,1
rover.com,1
truveris,1
wunderkind (formerly bouncex),1
sharethrough,1
synthesia,1
bevi,1
the flex company,1
remix by via,1
matroid,1
onestudyteam,1
kin insurance,1
ginger,1
zignal labs,1
archive,1
giskard,1
landis,1
clearfeed,1
tripactions,1
portabl,1
ibiza center for entrepreneurship,1
mixpanel,1
infinitus systems,1
happyfresh,1
similarweb,1
workspan,1
astra,1
c3.ai,1
airwallex,1
knoetic,1
clover health,1
chronicled,1
skilljar,1
paperspace,1
poppin,1
logikcull,1
skydio,1
kevel (prev: adzerk),1
dynatrace,1
imperfect foods,1
kinsa,1
convoy,1
synapse,1
golden,1
plastiq,1
care.com,1
justanswer,1
triumph,1
whoop,1
molekule,1
zanbato,1
industrious,1
narvar,1
fubotv,1
plum commercial real estate lending,1
feathr,1
betterup,1
goodrx,1
lucid,1
northone business banking,1
eventbrite,1
doccla uk,1
smartasset,1
nitra,1
solo,1
amberflo,1
interfolio,1
homebase,1
vanta,1
aidash,1
descript,1
keyp,1
medcrypt,1
formi,1
sword health,1
algolia,1
bazaarvoice,1
mighty,1
curated,1
neuralink,1
jobbatical,1
messari,1
oak network,1
guidewheel,1
zylo,1
outrider,1
villagemd,1
teller,1
legalvision australia,1
threekit,1
agtonomy,1
metropolis,1
q bio,1
whisper.ai,1
form energy,1
atomic,1
superblocks,1
n3twork,1
v7,1
hdvi,1
immuna,1
nai norcal,1
haptx,1
valon,1
brand knew,1
champions round,1
hopjump,1
accord group,1
method financial,1
clipbook,1
50fin,1
bam communications,1
synonym biotechnologies,1
opus,1
thyme care,1
upkeep,1
freepower,1
squarefoot,1
envoy,1
stackadapt,1
box,1
monzo bank,1
impel (formerly spincar),1
teamsnap,1
wholesail,1
blackcart,1
flatfile,1
flexport,1
reedsy,1
slate,1
photoroom,1
clockwise,1
drift,1
guide,1
toi labs,1
propseller,1
discord,1
vise,1
nacelle,1
streamsets,1
epsilon3,1
tremendous,1
culdesac,1
clarifai,1
mistplay,1
bark,1
cove.tool,1
lively,1
boxed,1
moveworks,1
earnest,1
moveon,1
numerai,1
supershare,1
spire,1
shortwave,1
fello,1
stem,1
ava accessibility,1
voiceflow,1
merit,1
modernloop,1
ethos,1
ecocart,1
sanctuary,1
makersplace,1
truework,1
metatheory,1
pawlicy advisor,1
wefunder,1
upbound,1
instacart,1
secureframe,1
copper,1
pilot,1
leucine,1
better,1
coalition,1
hopper,1
resource guru,1
craft.co,1
eargo,1
uberall,1
realself,1
trusted health,1
101,1
the org,1
truefoundry,1
modern treasury,1
gather ai,1
twimbit,1
fiscalnote,1
jones,1
dydx,1
curvecatch,1
podium,1
bharatx,1
arist,1
quicko,1
vori,1
more growth,1
impact,1
deliveroo,1
portcast,1
lime,1
floqast,1
tonsser,1
agora,1
ripcord,1
stockx,1
hayden ai,1
niantic,1
encode club,1
payfit,1
arthur,1
goldbelly,1
streamlabs,1
ozone,1
alloy,1
nanonets,1
massivue,1
sandbox,1
blablacar,1
useful,1
finch,1
gordian software (yc w19),1
modern health,1
cleanrobotics,1
travelbank,1
nyshex,1
youset,1
dimo,1
rxall,1
orum,1
checkbook,1
kennect technologies,1
mudrex,1
shipsy,1
notion,1
goco,1
zoolife,1
moonfare,1
better health,1
tessera,1
rocketplace,1
inspirit,1
sift,1
hudle,1
fireflies.ai,1
phrase health,1
tava health,1
daostruct,1
integral,1
freenome,1
improbable,1
remio,1
fuzen apps,1
kexy,1
dryad networks,1
aspect analytics,1
ockam,1
reveneer,1
kipsi,1
credix,1
edily,1
grandstage,1
tephra labs,1
pilk,1
reunion,1
complete (yc w22),1
medely,1
murf.ai,1
modulate,1
firstcard,1
cideshow,1
rocket.chat,1
uniblox,1
codi,1
inkitt,1
overjet,1
d2iq,1
starburst,1
teampay,1
stadium live studios,1
raydiant,1
aquabyte,1
headsup,1
cognite,1
qa wolf,1
deskbird,1
productiv,1
persona,1
mino games,1
airgarage,1
activecampaign,1
ghost,1
virta health,1
equal time,1
snippyly (yc w22),1
polycam,1
seekho,1
sigma ratings,1
mento,1
coinswitch,1
bugcrowd,1
aspire,1
salarybox (yc s21),1
reap,1
spiral,1
retool,1
appsmith,1
sondermind,1
sequel,1
photobooth supply co.,1
zamp,1
liveauctioneers,1
paperless post,1
adapty,1
laurel research consulting,1
kinside (yc s18),1
amie,1
pocket gems,1
relay,1
shift,1
zenskar,1
gather,1
chronosphere,1
chapter,1
charthop,1
placemakr,1
pinata,1
owl autonomous imaging,1
mem,1
"nav technologies, inc",1
aztec,1
t3rn,1
brightcove,1
onsiteiq,1
august home,1
dealpath,1
scooterson,1
linqia,1
plivo,1
flatiron health,1
funnelstory,1
brex,1
splice,1
ripplematch,1
quid,1
insurify,1
sika health,1
openfin,1
cross river,1
topsort,1
parabola,1
circle medical technologies,1
workarise,1
heal.me,1
cadre,1
gridium,1
augury,1
classy.org,1
zen educate,1
origin,1
one concern,1
process street,1
helix,1
piktochart,1
mpower financing,1
thistle,1
trulioo,1
ledger investing,1
higher ground education,1
yesware,1
bookee,1
priori,1
crosswire,1
heavenhr,1
teachable,1
radar,1
axiom,1
mparticle,1
plushcare,1
koop,1
adept.ai,1
sobet,1
adrixus tech studio,1
rocket money,1
easypost,1
ganymede,1
opencare.com,1
shortcut,1
leandata,1
casper,1
quantcast,1
course hero,1
huntress labs,1
opensea,1
codesignal,1
turing labs,1
wanderu,1
microventures,1
doctolib,1
playplay,1
beaconstac,1
eden health,1
execonline,1
lithic,1
closefactor,1
brightwheel,1
koho,1
cumul.io,1
alvéole,1
trunk,1
wepay,1
able,1
quit genius,1
gabb global,1
wattpad,1
alma,1
maintainx,1
xometry,1
kindbody,1
snackpass,1
pathlight,1
canva,1
the knowledge society (tks),1
socotra,1
byld,1
focaldata,1
plume design,1
collective,1
hypr,1
somewear labs,1
point,1
stork club,1
byju's,1
healthverity,1
airtribe,1
matterport,1
teikametrics,1
pear therapeutics,1
legistify.com,1
thanx,1
curbflow,1
sleeper,1
parallel learning,1
teamworks,1
cisco meraki,1
archblock,1
legion technologies,1
loop,1
validere,1
brainstation,1
halo,1
particle health,1
geobram,1
hyperverge,1
juniper square,1
wondermed,1
reputationaire,1
span,1
sweatcoin,1
thrive by hashtag loyalty,1
arta,1
happy scribe,1
anvyl,1
propreturns,1
ria insurtech,1
josh.ai,1
moxe,1
citrine informatics,1
metaspectral,1
revel,1
vontive,1
sprinto,1
sodo,1
appflowy,1
adappt intelligence,1
saras analytics,1
alluxio,1
ilarcorp,1
trellis,1
code for america,1
assured,1
soulbound,1
steeleye,1
at-bay,1
cluster,1
bobbie,1
aikenist,1
smlxl,1
parallel,1
pickle robot company,1
aloware,1
your software supplier (yss),1
section4,1
boundless,1
worktez,1
payit,1
peaze,1
entera,1
hive,1
codersarts,1
tiktal,1
ottr finance,1
docflow,1
appeq.ai,1
mesha,1
viha technosoft,1
whitespace,1
mvp match,1
violet labs,1
kula,1
relove,1
[untitled],1
sparkwise,1
berkeley pharma tech,1
kredx,1
shelf (yc s2022),1
moshi moshi,1
wisestep.com,1
dropyacht,1
mindsoft (1mind.com),1
sitetracker,1
engagedmd,1
sprinter health,1
chefling,1
default,1
aviate,1
sertis,1
metasolis,1
cowbell,1
startengine,1
nova money,1
kiva,1
traba,1
bizongo,1
minted,1
mavenoid,1
marqeta,1
bach,1
hootsuite,1
janani.life,1
mem protocol,1
farmer's dog,1
muck rack,1
flow,1
paradime labs,1
dynamic yield,1
ritual.co,1
worldremit,1
surfe (ex-leadjet),1
luxury presence,1
motif,1
kasisto,1
sorare,1
bounce,1
carbon,1
potion,1
river financial,1
chronograph,1
boatsetter,1
transfix,1
zuddl,1
everbright,1
hybr1d,1
piccollage,1
sandbox vr,1
riot,1
sidelineswap,1
wispr,1
aryeo,1
jitera,1
forkable,1
moogsoft,1
upcodes,1
imgix,1
monument,1
matium,1
supertokens,1
offerfit,1
jar,1
bitwarden,1
3box labs,1
fyusion,1
easyllama,1
product hunt,1
hopstack,1
flipkart,1
sciam,1
landed,1
magna,1
locate,1
material depot,1
boopos,1
vendr,1
easyecom,1
spendflo,1
in-house.com,1
moloco,1
forage,1
zen (yc s21),1
ribbon health,1
path,1
mozart,1
fathom,1
obie,1
blueground,1
vantage,1
terminal49,1
cello,1
lindus health,1
havi.co | the robotic toy store,1
rabbithole,1
premagic,1
subject,1
softhub europe,1
amino,1
better origin,1
human interest,1
catawiki,1
workdao,1
meraki creative,1
diligent robotics,1
zoop,1
prelude,1
dare drop,1
quoality,1
amperon,1
softhub america,1
cloudworx technologies,1
xtravision.ai,1
quoori,1
fabric,1
sella,1
zori,1
sellerplex,1
procurabl,1
learnlux,1
careerninja | learntube,1
chainlink labs,1
kanda software,1
shift robotics,1
zeta suite,1
theydo,1
swiftly,1
madhive,1
allsome fulfillment,1
sphereone,1
linum labs,1
polybee,1
carrot,1
bhumio,1
thunder,1
chicory,1
quorum,1
kudo,1
skipper,1
joro,1
numerade,1
cypherock wallet,1
rainbow fintech,1
chef robotics,1
taptap send,1
rhombus power,1
snaptrude,1
assystant,1
virtuoso,1
bridge,1
fyto,1
pave,1
unifarm,1
taste,1
sgnl,1
space and time,1
webaverse,1
zilliz,1
kyra,1
fulfil,1
threads styling,1
matik,1
subhag healthtech pvt limited,1
fathom radiant,1
atom computing,1
readdle,1
wunder,1
smalls,1
equitrax,1
coox,1
amper technologies,1
drivetrain,1
1010data,1
luna care,1
regent,1
picovoice,1
crowdbotics,1
encord,1
podscribe,1
antler,1
lang.ai,1
fleek,1
endor labs,1
lo! foods,1
baoss,1
veo,1
log my care,1
luma ai,1
keystone strategy,1
spacenos,1
exergy,1
odworks,1
wallethub,1
iconic air,1
barsys,1
netomi,1
go gratia,1
alchemy worx,1
troposphere,1
designscript,1
flo sleep solutions,1
zylu,1
cipherness,1
nunam,1
safle,1
thrive causemetics,1
yakoa,1
better ed,1
oops,1
aeyesafe,1
talentsumo,1
arise,1
aera technology,1
success at school,1
medly pharmacy,1
cuberg,1
adonis,1
convoso,1
jelou,1
compuco,1
brick water studios,1
danamojo.org,1
beautiful.ai,1
sericin,1
vistaar digital communications jobs,1
decentral,1
capabl (from elite techno groups),1
hubbler,1
alignai,1
andwemet.com,1
sapien,1
be zen,1
adme,1
reev travels,1
quitsure,1
the nudge,1
nerg,1
lazyme,1
assistery,1
wikimedia foundation,1
gencove,1
nammu21,1
payabli,1
spindl,1
ambitio,1
pragma platform,1
keebo,1
tap!,1
writesonic,1
cypris,1
fonteva,1
new fortress energy,1
10by10 (yc s17),1
kick,1
arcwise,1
mitek systems,1
letterdrop,1
perch,1
pocket worlds,1
stere,1
spiria,1
token metrics,1
jelloow,1
verneek,1
untapped ventures,1
datapeople,1
fernride,1
paytient,1
violet,1
last9,1
bigblue,1
project a,1
tecton,1
nucleus,1
satvacart,1
zash,1
workera,1
payhawk,1
solsten,1
altan insights,1
metamask,1
upside,1
sequencing.com,1
brightflow ai,1
syncsense,1
portex,1
cloudeagle(yc w22),1
circles.life,1
northspyre,1
aadaval,1
perspectai,1
scription,1
neoscript,1
billok,1
astren,1
lionheart children's academy,1
inferex,1
the rutendo news,1
liveasy logistic,1
econote,1
syenapp,1
zethic,1
keka hr,1
renovate robotics,1
borg,1
stackguardian,1
aisera,1
byne,1
overhaul,1
timelyai,1
neo cybernetica,1
limese,1
daniele toesca studio,1
moxie,1
paybond.com,1
balance theory,1
kutt,1
pepper cloud,1
wesolveforyou,1
urban machine,1
am-services,1
evmos,1
luminary,1
inhome home services,1
priori capital,1
rightbot technologies,1
flex fantasy,1
copper banking,1
awesomic,1
felvin,1
overmoon,1
smarthelio,1
the constant company,1
buidlers tribe,1
isla care,1
jm urban spaces,1
timelymd,1
offensive security,1
wattcarbon,1
dispatchhealth,1
revenue ai,1
squadsy,1
somosotech,1
simply wall st,1
aptos,1
startree,1
aidaly,1
inspectorio,1
mattecurve technologies,1
bet999.io,1
confirm,1
datavant,1
springworks,1
algotest (yc s22),1
ionq,1
1stzoom,1
roundtrip,1
biotrillion,1
crafty,1
puramilk tech,1
boo,1
chartmogul,1
scispace (formerly typeset),1
meadow,1
sawyer,1
gamesight,1
magic,1
collpoll,1
housecall pro,1
junglee games,1
intugine technologies,1
waterly,1
docker,1
coinrule,1
qonto,1
redwing labs,1
stacksource,1
abnormal security,1
coinalpha,1
mat3ra,1
nana,1
groover,1
shiftsmart,1
esper,1
cuseum (techstars '15),1
the/studio,1
poll everywhere,1
crunchyroll,1
revolut,1
human,1
bubble,1
tropic,1
pitstop,1
protocol labs,1
podopolo,1
seesaw,1
near,1
fisecal,1
doorloop,1
gadget,1
kirana club,1
gameon (cse: get),1
unspun,1
walkme,1
crayon,1
assuaged foundation,1
valence,1
mediamath,1
squadstack,1
chartmetric,1
nexhealth,1
onehash,1
travelperk,1
hypertrack,1
loansnap,1
chime,1
juul labs,1
throne,1
elchemy,1
elo health,1
the realreal,1
bravado,1
looka,1
tractive,1
clientjoy,1
servicetitan,1
kolide,1
branch,1
street context,1
veeve,1
zoftware,1
goshare,1
mutiny,1
flokx,1
laylo,1
moodme,1
dipsea,1
shoppinpal,1
evisort,1
vianova,1
fortmesa,1
luko,1
smartkarma,1
kisi,1
steadily,1
xempla,1
vivian health,1
galleri5,1
briq,1
juro,1
dragos,1
newtonx,1
aitrillion,1
kredily,1
tranzact,1
bonusly,1
squareat,1
willow,1
optimizely,1
photon health,1
syrup tech,1
homeward,1
skylark drones,1
jama wealth,1
roambee,1
invitae,1
winnie,1
school of accelerated learning,1
gro intelligence,1
receeve,1
freestand sampling solutions,1
monsoon credittech,1
bizom,1
everyrealm,1
swoop,1
saarthi.ai,1
solid,1
hihello,1
proxii,1
wantedly,1
automotus,1
train fitness,1
kawo 科握,1
elloe ai,1
honeypotz,1
kalepa,1
99.co,1
dscout,1
classplus,1
jabra hearing,1
january,1
rune labs,1
livin farms agrifood,1
shyft,1
travelstop,1
mission,1
marley spoon,1
dapper labs,1
dims,1
dice,1
referralcandy,1
yembo,1
trustero,1
ockypocky,1
nomadic6- cospaces,1
bijnis.com,1
virtuo,1
wareiq,1
vidyo.ai,1
griffin,1
explo,1
greenlight.ai,1
home made,1
enki,1
brilliant.org,1
songkick,1
trading.tv,1
showplace,1
moment,1
platter,1
smarkets,1
tales,1
neufluence,1
atlan,1
saltbox,1
sensible,1
electric hydrogen co.,1
rewards network,1
equi,1
medibuddy,1
soilflo,1
dusminute,1
the block,1
hyperiondev,1
tonic,1
diffgram,1
sinai technologies (yc w20),1
videahealth,1
koo,1
alectio,1
greendeck - cliff.ai,1
the cirqle,1
bodo,1
sure,1
pratilipi,1
bunch,1
arkestro,1
caremessage,1
dispatchtrack,1
avala ai,1
mobius labs,1
quanta,1
asanify,1
shopflo,1
found,1
dashworks,1
relief,1
donatekart,1
carnot technologies,1
metafoodx,1
furo.fit,1
digify,1
plentific,1
uluu,1
sunryde,1
qeepsake,1
optimity,1
quiver,1
vivacity,1
defendify,1
kritik,1
loop subscriptions,1
academiclabs,1
stellar health,1
rho,1
airspeed,1
dame products,1
butterflymx,1
salad technologies,1
wair,1
greenspace health,1
openai,1
capitall,1
nops,1
sensibull,1
switcheo labs,1
eatiquette,1
studeo,1
revero,1
luminovo,1
resilia,1
esarada,1
unifynd,1
mindfuture,1
meaningful gigs,1
nucash,1
finone technologies,1
certificial,1
degree insurance,1
shopshaadi.com,1
n32dz,1
notedsource,1
swiift,1
flexciton,1
ntropy network,1
mod studio,1
teambridge,1
symbl.ai,1
xendoo,1
vessel technologies,1
biofire,1
cometlabs it solutions,1
advanced cybersecurity systems,1
vesta,1
subconscious compute,1
electron labs,1
kloudmate,1
foodi menus,1
opslyft,1
otto,1
saltee skincare,1
sellx,1
tartan,1
newton school,1
kéxy,1
zuma,1
birch.ai,1
column tax,1
zaapi,1
filmboard movie technologies,1
openlittermap,1
inovatyv,1
heetch,1
cloudaeye,1
pubgenius,1
natix,1
done.,1
ambi robotics,1
trusmart intelligent devices,1
5c network,1
trustate,1
pronto housing,1
vivenu,1
vphrase,1
gigwell (yc w16),1
recurate | resale made easy,1
carbon reform,1
fudr,1
softdrive,1
credflow,1
afficiency,1
pennyfly entertainment,1
salesup,1
kitchen automatique,1
finity technologies,1
visaright,1
extraaedge,1
mediamelon,1
streamft,1
sidechat,1
betteryou,1
argyle,1
accurx,1
rent the runway,1
launchscience,1
flywheel software,1
something new,1
valve,1
stacker,1
rize education,1
jackett,1
fightcamp,1
aircfo,1
eko,1
metaintro,1
xander,1
vow,1
recast,1
fastforward global,1
asvatthi,1
parcellab,1
rapyuta robotics,1
eazypg,1
sudowrite,1
keela,1
zinc vc,1
short story (yc s19),1
drchrono,1
casa,1
refyne,1
credit repair cloud,1
rupa health,1
chargezoom,1
determined ai,1
trace,1
tyk,1
neverinstall,1
limio,1
memorang,1
trikon ecosystem,1
home.llc,1
bimotal,1
folk,1
achieve,1
whatagraph,1
shipup,1
neco finance,1
woflow,1
verticalscope,1
aftershoot,1
source,1
hexagon lavish®,1
nearst,1
epirus,1
nappr,1
illumio,1
taptab,1
fairing,1
yeschef,1
cnote,1
volta labs,1
seatti,1
onsitego,1
theskimm,1
willow innovations,1
husslup,1
codean,1
incident.io,1
kickoff,1
plotly,1
hah parking,1
upcover,1
stoa,1
equitymultiple,1
appinio,1
convosight,1
rocketfin,1
seeds,1
money her way,1
tumeke,1
labra,1
rupicard,1
bluelight consulting,1
content machine,1
cfo-studio,1
quanteon solution,1
aindra systems,1
take command,1
voodoo,1
openhouse,1
data mynt,1
cyberhaven,1
e6data,1
courseflow,1
wonder,1
klub,1
templafy,1
allvoices,1
goldsetu,1
vizion,1
spotdraft,1
liven,1
pillarplus,1
hardfin,1
real,1
trust & will,1
holoplot,1
get my parking,1
autify,1
cockroach labs,1
rise people,1
cushion,1
excelra,1
swym,1
golinks (yc w19),1
simscale,1
visor,1
metalynx,1
workpatterns,1
elixir games,1
dott,1
loyaltylion,1
odeko,1
volley,1
lvlalpha,1
cruise,1
discotech,1
sigtech,1
fraîche,1
workist,1
athelas,1
hurdlr,1
sleuth.io,1
listed,1
searchlight.ai,1
alice biometrics,1
bluesemi,1
rentredi,1
hostaway,1
balbix,1
infogrid,1
emsisoft,1
automox,1
donorbox,1
shloka concepts,1
appavengers,1
appmetry technologies,1
instahub,1
meld,1
pressplay,1
breeze technologies ug,1
embarque,1
dia&co,1
testbirds,1
wegive,1
tenzo,1
waymark,1
koko,1
aigen,1
recorded future,1
irreverent labs,1
filterpixel,1
telio,1
litmus,1
supergrain,1
emitrr inc.,1
apptopia,1
saas.group,1
affable.ai,1
vantage sports,1
nymble,1
living loop,1
cora health,1
tastermonial,1
kleros,1
reviewtrackers,1
pricemoov,1
ai incube (parknav),1
360dialog (official whatsapp bsp),1
zeda.io,1
availyst,1
prose,1
main street,1
butter payments,1
tradelink,1
everquote,1
makkajai,1
thoughtworks,1
firstbase.io (yc w21),1
knowbe4,1
ambient.ai,1
concha labs,1
bellhop,1
sagetap,1
moneyyapp,1
autonomous,1
jovian,1
toggle,1
scalero,1
triplemint,1
rigi,1
sendle,1
overstory,1
blaze,1
fairstreet,1
upguard,1
palisaid,1
nirvana insurance,1
novig,1
arda,1
coursera,1
wiingy,1
pocus,1
armorblox,1
arbilex,1
surreal technologies,1
fure.cab,1
zoox,1
schoolinks,1
samba tv,1
topl,1
sorcero,1
mollie,1
fitmint,1
highnote,1
kangaroohealth (stanford startx),1
along,1
eight sleep,1
figma,1
fs,1
iln,1
virohan,1
vdocipher,1
privyr,1
otter.ai,1
tapply,1
pwa labs,1
stakin,1
quillaudits,1
glooko,1
wtf,1
bittorrent,1
theoremone,1
convelio,1
fynd,1
smartcue,1
compstak,1
spext,1
formcept,1
olive (formerly polysynth),1
flytbase,1
revl,1
futwork,1
rappi,1
octonius,1
fareharbor,1
multis,1
mapbox,1
koyfin,1
kindertales,1
genetesis,1
vidiq,1
frejun,1
embrace,1
rockbot,1
accrualify,1
merge,1
gigwalk,1
kasa,1
general assembly,1
enzyme,1
constructor.io,1
givebutter,1
driveu,1
certa,1
armory,1
biofluff,1
punk money,1
mantle,1
flixbus,1
people data labs,1
drop,1
vio.com,1
fi,1
coda,1
augmedix,1
cradlewise,1
redesign health,1
cass,1
alto pharmacy,1
tapclicks,1
rad ai,1
peppy,1
daily harvest,1
veryapt,1
ramp network,1
urbansitter,1
sigmoid,1
august robotics,1
triptax,1
velocity sales,1
arrive logistics,1
slated.ai,1
fishbowl,1
levellr,1
actofit wearables,1
pearl certification,1
hrvst,1
ovrsea,1
pirical,1
shareaholic,1
cardflight,1
promaton,1
tamatem games,1
lawnstarter,1
crowdo,1
designity,1
pex,1
blade,1
skale labs,1
jampp,1
jalan technologies,1
elevatehq,1
hyperstate technologies,1
mindpeers,1
thehousemonk,1
freedom,1
bento for business,1
nugg club,1
yoi,1
udacity,1
decorum [wit by bit],1
clickup,1
hunter labs technologies,1
talkdei,1
ship2myid,1
schmiede.one,1
intrava,1
mayvue,1
proxima,1
invisible technologies,1
raklet,1
deepsource,1
hotjar,1
cubby,1
coinme,1
enertiv,1
microsec,1
boon,1
roadcast,1
faire,1
superprocure,1
saleshandy,1
coinlist,1
arya.ai,1
bitquery,1
xra,1
neurofenix,1
tweeny,1
mighty networks,1
cardiologs,1
excess rewards,1
openseed,1
thistle technologies,1
businessonbot (y combinator w21),1
spoiler alert,1
loyal,1
capitalize,1
second order effects,1
kinzoo,1
vahan,1
verisart,1
localize,1
trucksmarter,1
red ventures,1
spread,1
leantaas,1
kepler communications,1
charity: water,1
modern life,1
shout networking,1
ourglass,1
clora,1
lus brands,1
nenos,1
blueshift,1
vedantu,1
lal10,1
mobikwik,1
lose it!,1
activityhero,1
covera health,1
amberbox gunshot detection,1
curv health,1
spiralny,1
audiotool,1
mack weldon,1
interaxon,1
mim-essay,1
kimkim,1
wearme,1
zocdoc,1
moka,1
sciative - we price right,1
white rabbit ventures,1
fama technologies,1
oden technologies,1
spot,1
qiiq healthcare,1
cambly,1
imaginate vr/ar,1
jetzy,1
smytten,1
alphalab capital,1
ticombo,1
pathfndr,1
highlight,1
walrus security,1
seek rewards,1
modus create,1
blockworks,1
wedmegood,1
fanbridge,1
magic spoon,1
insightrx,1
upshift,1
citizennet,1
singlesprout,1
time by ping,1
savi,1
hovr,1
twist bioscience,1
bookinglayer,1
zolve,1
pakible,1
leadsquared,1
practo,1
mozio,1
roll,1
divvy homes,1
rigup,1
learnyst,1
corvee,1
rev,1
musixmatch,1
celo,1
super effective,1
svt robotics,1
edrv,1
truepic,1
eme hive,1
forerunner,1
brenin technologies,1
bluecrew,1
assetvault,1
startup oi,1
unifyid,1
the juggernaut,1
beatconnect,1
uipath,1
element finance,1
clarabridge,1
edufund,1
imumz,1
gridspace,1
favor,1
paragon,1
liefergrün,1
near space labs,1
loft labs,1
portl media,1
koshex,1
emma,1
luminary labs,1
royal brothers - bikes for rent,1
comma,1
smergers,1
players' lounge,1
time doctor,1
grabguidance,1
shift markets,1
loomly,1
sofy.ai,1
apollo (yc w22),1
planswell,1
roundlyx,1
drivebuddyai,1
unifize,1
gocomet,1
zowasel,1
daalchini,1
veho,1
particle,1
swapcard,1
food52,1
mkobo,1
recotap,1
bliq,1
flowty,1
havenly,1
zocket,1
supernormal,1
truevault,1
risk ledger,1
bevov,1
preveil,1
silverpush,1
couro,1
gridmodal,1
procol,1
mindcloud,1
loconav,1
sigtuple technologies,1
varidus,1
leaflabs,1
secure code warrior,1
smart course,1
animal road hero,1
khushi baby,1
zipoapps,1
shanmukha innovations,1
evolutioniq,1
healthkick,1
flyreel,1
alterest,1
xoxoday,1
fisherman,1
blinkfire analytics,1
microblink,1
machinio,1
ctrlstack,1
correlation one,1
smart audit,1
kohbee,1
aquicore,1
#paid,1
barraiser,1
enigma key industries,1
"brightidea, inc.",1
biobot analytics,1
teamwave,1
kolo,1
egfin,1
traydo logistics,1
hypersonix,1
nationbuilder,1
aria pharmaceuticals,1
robin healthcare,1
fuzzy - the pet parent company,1
enso,1
goloot,1
clearmetal,1
shipbob,1
wandera,1
vidsy,1
party hunt,1
zip,1
tonal,1
complyadvantage,1
tidal labs,1
partly,1
rara now,1
retrium,1
brighthire,1
alt-bionics,1
kard,1
aguadulce,1
repup.co,1
shibumi,1
adelaide,1
mingo,1
loopr ai,1
kwanzoo,1
apps10x,1
ifanow - futurewise technologies,1
sightbox,1
aura,1
gympass,1
mobcast innovations,1
marigold health,1
yocket,1
starfish space,1
fleetops,1
"dash (aka dash labs, inc.)",1
the neat trick,1
tive,1
vroom,1
empower,1
ascend capital,1
the ticket fairy,1
commutatus,1
enact systems,1
homeroom (yc w22),1
digio.in,1
rachio,1
ten thousand coffees,1
elumicate,1
audantic,1
areascouts,1
fluentino,1
ethic,1
vouched,1
validate health,1
transit,1
pagarba solutions,1
flair,1
zymewire,1
tapresearch,1
wakecap,1
uniplaces,1
moneybox,1
tradly platform (tradly.app),1
fiddler ai,1
indigov,1
foreignadmits,1
vantage circle,1
sumup,1
electrum (formerly pickmysolar),1
leena ai,1
elevate ai,1
switchon,1
skillovilla,1
marvin,1
danceid,1
aeropest,1
beautiful technologies,1
vymo technologies,1
méxico pragmático,1
bumblebee spaces,1
colabra,1
nested,1
silq,1
carboledger,1
harivara,1
umbo cv,1
now bookkeeping,1
brandie,1
digisure,1
textnow,1
claimyr,1
bookeventz,1
huddle,1
30 friends,1
retink,1
moov,1
moveshelf,1
invoice simple,1
bodyport,1
sunroom,1
flare,1
pivony,1
hyperface,1
this is me,1
tiptop,1
aura frames,1
testgorilla,1
wattbuy,1
miho,1
noble.ai,1
hevo data,1
avoma,1
rivi,1
hitwicket,1
reveation labs,1
optellum,1
deta,1
center pixel,1
occupier,1
vokal,1
inclined,1
sprout.hr,1
frslabs research systems private limted,1
studysoup,1
revvo,1
propagate,1
fena (formerly faizpay),1
entromy,1
urban company,1
healthkart,1
monet,1
isitca private limted,1
videobug,1
because intelligence,1
yjcollective,1
free agency,1
codesee,1
pricelabs,1
diligencevault,1
internetmango solutions,1
commonwealth,1
narmi,1
fitbots.com,1
zemoso technologies,1
assure health,1
virtual health,1
martini.ai,1
sandstorm,1
rosen bridge,1
bankuish,1
relyance ai,1
leapsome,1
15rock,1
cloudtrucks,1
thirdweb,1
webomates,1
statice,1
eazybe,1
uptrend agency,1
warbler labs,1
awiros,1
pod,1
prescribe (yc w21),1
clipboard health,1
pangaea,1
placement international,1
1k networks,1
casavirtually,1
big data rhino,1
drives football,1
rithm school,1
craftsvilla.com,1
salvo health,1
disperse,1
surround insurance,1
pigro,1
prediko,1
parafin,1
browserstack,1
scribe,1
incentfit,1
pingolearn,1
chicchicapp,1
wecoown,1
ninja van,1
monad labs,1
redpositive service,1
health[at]scale technologies,1
clinia,1
onetrack.ai,1
orgzit,1
jsgenesis,1
zuvvii gaming,1
quick'rcare,1
tortoise,1
wellsaid labs,1
sensio air,1
globesisters,1
referral rock,1
zupay,1
via transportation,1
silvertree,1
roo,1
mable,1
apploi,1
cover genius,1
impakter.com,1
medici,1
rural handmade,1
mauka,1
jurat,1
the clean brushery,1
lolli,1
goquant,1
cyvl.ai,1
glass | government ecosystems,1
skm group,1
influcracy,1
vue storefront,1
windsor.ai,1
carde.io,1
meru data,1
mora.com,1
martal group,1
safearth clean technologies,1
sproutsai,1
owlly,1
racerx,1
luma world,1
lifedefied,1
tracknerd,1
nifty local,1
nolea health,1
frnd,1
neurosilica,1
firehydrant,1
discern,1
notifi,1
colony networks,1
newpage solutions,1
pushowl,1
ymedia,1
oriserve,1
kaarwan,1
safariblocks,1
conductor,1
hail cabs,1
selectsoftware reviews,1
petcoil,1
earbor,1
butler,1
drife technologies,1
food safety works,1
mypocketcfo,1
experify,1
breef,1
dashbot,1
blinkly,1
bluespeck,1
amari pax,1
algomo,1
bluelabs,1
unipe,1
trip ninja,1
thematic (yc s17),1
coalition technologies,1
edgistify,1
opstart,1
apptweak,1
aignostics,1
databand,1
mosaiq labs,1
tradelab technologies,1
liv,1
wrldbuilder,1
monax labs,1
renterii,1
recipeat,1
veecorp solutions,1
qdrant,1
feedel ventures,1
steer health,1
light,1
albeado,1
gratitude,1
vanti,1
ramanujan,1
cognisaas,1
bullsurge,1
leali,1
aryng,1
concrete4change,1
pynhq.com,1
alleyway capital,1
hybr,1
parity,1
boisson,1
floatist,1
overtone,1
coverright,1
agrograph,1
euclid power,1
shift lab,1
rhythmscience,1
radicle,1
doorway,1
vapronix web,1
loyalist,1
streak ai technologies (streak.tech),1
bark park services,1
neolen technologies,1
ringdna,1
innvocon,1
heard mental health,1
solvo finance,1
dimension x,1
super advisor,1
stealth mode,1
inkling origins,1
cryptonaukri,1
ghaas,1
aivara solutions,1
appfollow,1
product school,1
etinx,1
daofab,1
prevess,1
the closet,1
upugo.in,1
kwil,1
invest with tribe,1
eqlfin,1
finoptimal,1
dresslife,1
savage ventures,1
klearnow,1
zipteams,1
mecena,1
qonversion,1
patient studio,1
trustworthy,1
getmyuni,1
web3auth,1
spice ai,1
gida technologies,1
rks cloud,1
veradat,1
cone,1
doola,1
conviva,1
quip.,1
blacklane,1
novo,1
blockstream,1
coolbits,1
arka,1
causalens,1
the carevoice,1
optisigns,1
consensus,1
pypestream,1
humanly.io,1
carto,1
exos,1
oneworldnation.game,1
nevados engineering,1
spyne,1
traveljoy,1
forma.ai,1
spin technology,1
plate iq,1
hivebrite,1
dandy,1
kwant.ai,1
blink,1
phenom people,1
myhydra cybersecurity,1
sensity,1
regal.io,1
heartbeat health,1
packlink,1
jomi surgical video journal,1
carwow,1
mission lane,1
starlight,1
kommunicate (by intentive),1
stealth company,1
rocksbox,1
bookline,1
mudflap,1
journey clinical,1
boom & bucket,1
moltin,1
pax labs,1
picsart,1
openx,1
capitalmind,1
kin + carta,1
emotech,1
seven starling,1
leapfinance | leapscholar,1
climb,1
civilized software,1
ramp,1
rolostudios,1
brightedge,1
ml tech,1
cookunity,1
core raise & retain,1
allspice,1
promoty,1
tucows,1
ascend.io,1
metawork labs,1
simplywise,1
trackier,1
merlyn mind,1
1ovmany,1
tazi ai systems,1
kalogon,1
airtasker,1
hello divorce,1
lightning ai,1
wealthbox,1
cred.,1
adnabu,1
shelterluv,1
stackwatch,1
clicktime,1
azarus,1
repool (yc s21),1
frank darling,1
altorise,1
japi one,1
cornershop by uber,1
id.me,1
sidekicks.ai,1
height,1
xp health,1
blockonomics,1
hashstack,1
bobsled,1
savvy navvy,1
pattern labs,1
plantiful,1
mailmodo,1
terra economics & analytics lab,1
arrows,1
undock,1
framer,1
public.com,1
cledara,1
sisu data,1
elroy air,1
cue,1
myzone media,1
refrens,1
copia,1
travclan,1
printify,1
goodnotes,1
northstar,1
forethought,1
ness,1
supergreat,1
rhombus,1
makerble,1
snackmagic by stadium,1
sempre health,1
smplrspace,1
kawa space,1
teamie,1
hacware,1
polarity,1
astrome technologies,1
iqm,1
hood,1
lugg,1
flagsmith,1
mediaocean,1
major league hacking (mlh),1
terraform labs,1
node.io,1
dot. cards,1
stratton equities,1
voxel,1
imu studios,1
bluestacks,1
arcules,1
on running,1
vendorpm,1
scopify ai,1
iqnext,1
reachdesk,1
customerglu,1
shadow,1
getsales,1
dukaan,1
recidiviz,1
abridge,1
omnirio,1
medal,1
alo.ai,1
morning brew,1
kunai,1
brain,1
indiefolio network,1
liberkeys,1
goldcast,1
choco,1
beyondtrust,1
koala,1
nhn global,1
answerrocket,1
bravo care,1
onsite,1
expand my business,1
tiro,1
crescerance,1
sharebite,1
fingerprint,1
snowflake computing,1
gather labs,1
convex,1
cognicept systems,1
friendbuy,1
fundapps,1
messagegears,1
realesto,1
bounce infinity,1
interprice technologies,1
frontm,1
grubmarket,1
plenty financial,1
karat financial,1
fold,1
sprightful solar,1
echo3d,1
tealbook,1
vistar media,1
opsly,1
cyberfilm ai,1
tooly,1
tooljet,1
juspay,1
smallcase,1
got it ai,1
wemanity group,1
docsumo,1
hunter digital,1
liquid diamonds,1
builder.io,1
lincode labs,1
scifi foods,1
dutchbasecamp,1
bluetape,1
stable auto,1
cointelegraph consulting,1
b9,1
octaloop,1
journey,1
anvil,1
grofers,1
and digital,1
lemurian labs,1
powerloom protocol,1
quantumscape,1
stackera,1
allen career institute overseas,1
mightybyte,1
factor,1
ombre digital,1
lazarus,1
beauhurst,1
reposite,1
neurobit,1
commerceiq,1
"dstor (goodblock technologies, inc.)",1
tara,1
logixboard,1
wendor,1
eyecan,1
bandlab technologies,1
xpansiv,1
pastel network,1
tezsure,1
314e,1
eachday,1
nucleos,1
walnut,1
tinkerlist.tv,1
xanpool,1
bd electronics,1
engagedly,1
epyc,1
encore,1
orxa energies,1
edu-vitae services,1
frizbit,1
openstore,1
drop water,1
airly,1
house numbers,1
abstract,1
trovatrip,1
tiber taber fashion,1
comm,1
soul machines,1
think-cell,1
healthassure,1
matchmde,1
koyeb,1
platerate.com,1
databloom ai,1
get.chat,1
finite state,1
caastle,1
seda protocol,1
antara,1
coast,1
scarf,1
revv,1
h3 mart,1
swift,1
zelthy,1
outpost,1
torum technology sdn. bhd.,1
alloy automation,1
foundry six,1
talkiatry,1
docquity,1
axle health,1
lasso,1
insider.,1
awign enterprises,1
niswey,1
hoamsy,1
gerimedica,1
toggl hire,1
panopen education,1
tychon (techstars '22),1
markforged,1
knowcap,1
chargelab,1
scalar,1
authentic,1
zenduty,1
poised,1
offchain labs,1
aphid,1
madewithlove,1
circle ai,1
ans commerce (a flipkart company),1
the shellworks,1
sellou,1
techup labs,1
atlas analytics,1
kyve,1
jugnoo,1
marmalade,1
simplismart,1
stock register,1
bdm- bigbrosdigitalmedia,1
varivas,1
avidavimedia,1
binance.us,1
dancingmind,1
xoju,1
uhoo,1
hesa,1
neodove technologies,1
propbidder,1
traceable ai,1
kry,1
bluemeg,1
physna,1
smart city locating,1
franklin energy services,1
uveye,1
unsigned research,1
boost commerce,1
apollo finvest,1
white fox scooters,1
panobi,1
clippd,1
lineupapp,1
corelight,1
uplify,1
esya.studio,1
wallapop,1
kwest,1
gradle,1
beanstock,1
pineapple labs,1
ditto,1
momenthq,1
smithrx,1
one acre fund,1
wunderman thompson,1
spotnana,1
finteum,1
vennverse,1
mybranz,1
agcetra,1
alkira,1
rubico,1
aria vent,1
book of the month,1
instaval,1
area28 technologies,1
yoptima,1
swayable,1
respct,1
eventeny,1
lumos labs,1
ev life,1
softhub españa,1
reeldata ai,1
palenca,1
funding societies,1
empirical,1
bandalier,1
vcomply technologies,1
powertrain ventures,1
talentdesk.io,1
healthworksai,1
render,1
green light labs,1
sezzle,1
planet cents,1
bdiplus,1
graphaware,1
storyxpress,1
simfoni,1
koach,1
link io,1
revterra,1
thesis,1
daulat,1
white swan,1
juntrax solutions,1
froiden,1
avrio,1
gravvity,1
younity,1
life house,1
remitbee,1
ourside (fka aspen apothecary),1
datadome,1
movemate,1
coding dojo,1
dtonomy,1
quillbot,1
high tech genesis,1
scalereal,1
passionbits,1
facets.cloud,1
lucidity,1
bexcard.co.uk,1
appleute,1
bny mellon,1
reorg,1
poliigon,1
floatme,1
bureau,1
saas growth advisory,1
binocs.co,1
tingono,1
swaypay,1
wajeeh,1
expertia ai,1
ethyca,1
xealth,1
pipe17,1
aptdeco,1
atomus,1
chips.gg,1
onefin,1
isometric technologies (iso),1
resolve,1
esgnie,1
refuel ai,1
hearo.live - multiplayer tv,1
sourcewiz,1
elevate labs,1
brilliant,1
klaar,1
copy.ai,1
router protocol,1
growfin.ai,1
cuid,1
prosple,1
vspry,1
eduwol,1
tarrakki,1
simplesurance,1
heart corp.,1
designerrs academy,1
svix (yc w21),1
sawback technologies,1
cocoon,1
extracker,1
debtbook,1
rockerbox,1
ease capital,1
mightyscout,1
paleo,1
commune,1
imbee,1
extend,1
strive (yc s21),1
semaai,1
policyme,1
flow labs,1
firebrand communications,1
leap wallet,1
kodo,1
bitfinex,1
avela education,1
inkle,1
top flight financial,1
elevar sports,1
keepe,1
rundoo,1
digitail,1
maiden home,1
finn,1
globallogic,1
connect the doc,1
bitreel,1
cloud peritus,1
do amore,1
botsync,1
wesolv,1
anaxee digital runners,1
pixel canvas,1
levelup leads,1
intangles lab,1
apiria,1
one impression,1
native camp,1
sangti,1
10times,1
atom finance,1
getevangelized,1
kencko,1
trigger xr,1
the solar labs,1
mrikal studio,1
reveri,1
augean robotics inc. / burro,1
rubiq solutions,1
lodgify,1
backbone systems,1
sigmaos,1
takeoff technologies,1
codeup,1
latch,1
bread,1
thrillophilia,1
bluecargo (yc s18),1
the female factor,1
the outdoor journal,1
uxhack,1
kintsugi,1
fueled,1
leverage,1
startfund,1
hyre,1
diaryz,1
gendergp,1
store transform,1
arya,1
nava pbc,1
pass the keys,1
wellthy therapeutics,1
hootboard,1
nolymitai,1
oishii,1
scisports,1
vow made,1
gecko materials,1
ampush,1
ufaber,1
razor network,1
supervizor,1
cic,1
achievers,1
salina consultants,1
solace health,1
wiza,1
lawhive,1
italist.com,1
mosaic manufacturing,1
codenotary,1
thrivefantasy,1
burnalong,1
yourdost,1
dock,1
toddle,1
supplynote,1
venuemonk,1
clerkie,1
urbandart,1
cerebral,1
bosc tech labs,1
ukio,1
obsess,1
localaway,1
"bauman law group, p.c.",1
stan,1
thalamos,1
p27,1
happy retreats,1
jawnt,1
rove,1
paytm insider,1
quin design (r&d),1
smartserv,1
welcome homes,1
cobblestone energy,1
fitnescity,1
liblab,1
treejer protocol,1
uncapped,1
restream.io,1
autovrse,1
aware,1
inguro,1
recess,1
marmeto,1
webbee,1
it's my chance,1
stori,1
tsolife,1
archetype solutions group,1
grip,1
relayto / document experience,1
endless west,1
ankorstore,1
valur,1
0x,1
hilabs,1
vaticle,1
harness,1
motion,1
interviewer.ai,1
zobaze,1
arvato systems malaysia,1
cinemaloop,1
stasis labs,1
smile identity,1
nursedash,1
pocketsuite,1
nextlink labs,1
simplotel technologies pvt. ltd.,1
metaengine,1
energi core,1
sensorflow,1
wednesday solutions,1
livestockcity,1
irisagent,1
visit health,1
knorex india,1
globecommerce,1
storelab,1
gaya,1
carefeed,1
safehur,1
collaborativecare,1
internext,1
trlab,1
inditab esolutions,1
cake,1
healistic,1
morphle (yc w20),1
natron energy,1
peoplebox,1
superbolt,1
buildd,1
fyndna techcorp,1
intensivate,1
methid,1
orah,1
ripik.ai,1
ambcrypto,1
workast,1
jetsweat,1
myoperator,1
eloelo,1
goken india,1
aluna,1
ignitus,1
vetted,1
navtech (navaratan technologies),1
coders brain technology,1
davinci healthcare,1
bundle,1
expressable,1
speedoc,1
flavrs,1
prialto,1
prophia,1
acurable,1
noala,1
humanfirst.ai,1
bitwave,1
